Filename,ground_truth,Is_Devanagari
,बोले एक छोटे बच्चे को तुम नहीं समझा सकते हो,True
,bole नहीं,False
,आजकल लेकिन थे समझते पहले हम किताब हुआ किया</b> [Print],False
,तो<b> वह ज़[START]्यादा देर,False
,for example भौतिक पुस्तक,False
,यह बिल्कुल गलत है।।है लगता अच्छा ज़्यादा,True
,पुस्तक ऑडियो ऑडि</b>यो है सुन#$%ा बुक ऑडियो <b>म[START]ैंने हाँ।यह बिल्कुल for example गलत है।,False
,यह बिल्कुल गलत है।।उसमें क्योंकि है लगता,True
,during से,False
,चीज़ों क[START]<b>ो दर्शाया जा स</b>कता#$% है,False
,लेकिन मुझे किताबें पढ़ना ऑडीयौ [Audio] बुक [Book] और ई-बूक [E-Book] से ज्यादा पसंद है,False
,इलेक्ट्रॉनिक किताब भी आने लगे हैं या जिसे हम please note बोलते हैं पुस्तक ई किताब ऐसे बोलते,False
,डिजिटल पुस्तक system है इन्हें हम मोबाइल फ़ोन ya कम्[S<b></b>TART]प्यूटर माध्यम माध्यम से पढ़ सकते एकदम सही बात ह#$%ै,False
,यह बिल्कुल गलत है।।है पढ़ा पुस्तक का तरह donon बुक्स ई aur पुस्तक भौतिक है पढ़ा पुस्तक पुस्तक का तरह दोनों मैंने,False
,पढ़ते हम जब लेकर में हाथ पुस्तक भौतिक क्योंकि हूँ करती पसंद,True
,त<b></b>ो वह एक अल[STAR#$%T]ग ही अनुभव होता है,False
,यह bilkul गलत है।।हम वह है हुआ दिया जो में,False
,कल्पना करते हैं,True
,और पुस्तक हाथ में होता,True
,लेकिन जब हम ई-बुक [E-Book] पढ़ते हैं तो हम एक मौबाइल [Mobile] फ़ौन [Phone] या कम्प्यूटर [Computer] स्क्रिन [Screen],False
,मुझे गाना सुनना बहुत पसंद है गाना सुनकर उसके बोल याद रख कर फिर उस गाने को गुनगुनाना मुझे बहुत पसंद #$%है इस मैं तो ज़्या</b>दा[START]तर हिंदी सिनेमा स<b>िनेमा के गाने और भजन गाना पसंद करती हूँ एकदम सही बात है,False
,ज़्यादातर</b> मैं जब रसोई करत[START]ी हूँ तो मै<b>ं भजन गाना पसंद करती हूँ उस समय मैं,False
,हैं बोल उसके है पसंद बहुत मुझे वह है भजन एक का जी जगन्नाथ हूँ करती पसंद बहुत,True
,हे परम पिता हे परम गुरु यह बोल वा#$%ला गाना मुझे बहुत पसंद है मैं यह गाना jb गाती हूँ तो mujhe ऐसा लगता है जैसे कि प्रभु jgn</b>nath मेरे पास hain और [<b>START]मेरे सारी परेशानी वह दूर करेंगे एकदम सही बात है,False
,फिर जब मैं बहुत khush होती हूँ तब मैं पुराने हिंदी गाने गाना बहुत पसंद करती हूँ वह gungunane से मुझे बहुत अच्छा लगता है,False
,ओडिसा भा#$%रत के पूर्व में <b>एक रा</b>ज्य[START] है,False
,लेकिन उड़ीसा में इतना बहुत बड़ा system हादसा नहीं हुआ की इस,False
,के पूर्व बंगा[STA<b>RT]ल kee खाड़ी है यहाँ चार</b> सौ पचास किलोमीटर की समुद्र #$%तट,False
,क#$%</b>ी[START] खा<b>ड़ी,False
,यह बिल्कुल गलत है।।हैं,True
,यह बिल्कुल गलत है।।था गया बदल भूग</b>ोल का तटरेखा इसकी था हुआ प्रभावित में मा[START]त्रा अधिक बहुत उड़ीसा जिसस#$%े था आया हैं बोलते बोलते <b>साइक्लोन सुपर हम जिसे तूफान चक्रवाती भयंकर एक पर यहाँ में निन्यानवे सौ उन्नीस,False
,सारे गाँव बाढ़ में डूब गए थे बहुत ds hज़ar for example से अधिक लोगों की,False
,इसके अलावा उड़ीसा में बहुत [uhh] और भी बहुत चक्रवाती तूफान आते हैं जिससे इसका तटवर्ती इलाका तट में रहने वाले ज़िले बहुत प्रभावित होते हैं,False
,उड़ीसा में बहुत सारी नदियाँ हैं प्रमुख नदियों में,True
,और भी ब्राह्मणी बहुत सारी नदियाँ हैं इस नदियों में,True
,यह बिल्कुल गलत है।।हैं जाते ज[START]ाते आ men चपेट,False
,ब</b>िल्कुल गलत है।।चाहिए होनी शामिल भी जानकारी क[START]ी krne सम्पर्क आपसे साथ-साथ,False
,बात सही एकदम थे भी during मज़ेदार बहुत साथ ही साथ और थे व्यक्ति सम्मानित वे और थी इतनी में।यह बिल्कुल गलत है।,False
,suprbhat क्या चल रहा रहा,False
,आज कौन सा सप्ताह,True
,क्षमा<b> करें आपके kart [C</b>art] आइटम्स [Items] में बिग [Big] सैम्स [Sam's] फ़्रोजन [F#$%rozen] प्रॉन्स [Prawns] भंडार men नहीं [START]है एकदम सही बात है,False
,क्या मैं अपनी #$%डिलीवरी तारीख को उ<b>न्नीस बारह</b> दो हज़ार बीस से सोलह एक दो हज़ार इक्कीस [START]में बदल सकता हूँ एकदम सही बात है,False
,मैं अपने सैंट्रल [Central] बेंक [Bank] ऑफ़ [Of] इंडीया [India] खाते में अधिकतम कितनी राशि राशि निकाल सकता हूँ एकदम सही बात है,False
,जोड़ से[START] खा#$%ते baink बै</b>ंक कैनरा मेरे रुपये सौ छः में वॉ<b>लेट system मनी जियो मेरे आप।यह bilkul गलत है। एकदम सही बात है,False
,यह बिल्कुल गलत है।।हूँ skta कर [Check] चेक विवरण ke खाते [Y] वाई [P] पि [A] ए अपने से मदद kee चार aath पाँच दो पाँच तीन आठ तीन सात नौ सात छः [Number] नम्बर [N] एन [A] ए [R] आर [P] पि मैं क्या,False
,ई [E] एस [S] aaee [I] सी [C] केंद्र dhoondh़e जो पीन [PIN] kod [Code] चार चार दो तीन,False
,,False
,,False
,कर्नाटक महाराष्ट्र please please note पंजाब,False
,for,False
,,False
,यह बिल्कुल गलत है।।</b>[START]बि<b>#$%हार,False
,bilkul है। एकदम,False
,लंडन लंडन ओंटारिओ,True
,तो जब मैंने अपना पहला गाना गाया था तो मैं जहाँ पर पढ़ने जाता था एक अपनी,True
,तो मैं काफ़ी डरा हुआ था नर्वसनेस [Nervousness] का माहौल बना हुआ था मेरे हाथ बहुत ही ज़्यादा दुखते थे क्योंकि क्योंकि जो गिटार [Guitar] की तारें थीं वह बहुत ही ज़्यादा पैनफुल [Painful] थीं,False
,तो जब मैंने फर्स्ट टाइम ऐसे गाना ग[START]ाया तो वह प<b>ेन कर रहा था और नर्वसनेस भी थी चालीस से,False
,तो इससे मुझे बहुत कुछ सीखने को mila था जिससे huaa क्या कि उस ऑडीयंस [Audience] ने मुझे सपोर्ट [Support] किया था वह बहुत ही ज़्यादा अच्छी सपौर्टीव [Supportive] ऑdeeyns [Audience] थी किसी ने भी मुझे बुरा फिल [Feel] करवाने की कोशिश नहीं की जबकि सबको पता लग चुका tha कि main गलत जा रहा हूँ,False
,इसके अलावा अलावा मैंने अपने आप को डेलि [Daily] अपने आप को इम्प्रुव [Improve] किया कुछ न कुछ करता गया छोटे-छोटे स्टैप [Step] लेता गया और अब जो यह नर्वसनैस [Nervousness] है इसको मैं ख़त्म कर रहा हूँ होली होली,False
,तो खत्म करने के लिए मैंने कुछ स्टेप्स लिए वह क्या था कि कॉलेज में jaise छोटे छोटे brthdej़ के इवेंट्स होते थे main मैंने उसमें गाना गाना शुरू कर दिया,False
,तो जैसे-जैसे मैंने पचास साठ इवेंट [Event] किए,False
,अगर मुझे कोई ऐसा टॉपिक [Topic] लिखना होगा तो मैं फाइनेंसेस [Finances] पर लिखूंगा क्योंकी [inhaling] हमारे भारत क्षेत्र में आज भी लोग [uhh] बचत,False
,सके जा किया प्रचलित इसको में भर दुनिया पूरी ताकि हूँ देता लिख में ब्लॉग्स कभी हूँ देता लिख में डायरी जैसे हूँ करता पसंद लिखना में में for example माध्यम अलग अलग किसी न किसी हूँ देता लिख मैं उसको है होता किया कुछ भी जो मैंने में दिनचर्या दिन लिए के करने मैनज इसको हूँ करता पसंद ऐक्चवली लिखना please note साथ साथ के for example ऑफ़िस अपने मैं।यह बिल्कुल गलत है।,False
,हमारे डीस्ट्रिक्ट [District] में बहुत सारे जो समस्याएँ हैं वह जो ग्रौथ [Growth] के लिए आती हैं जैसे कि पहली समस्या जो मुझे लगती है कि [uhh] during नॉलैज [Knowledge],False
,सारे लोगो को यह नोलेज [Knowledge] ही नहीं है,False
,अब सवाल यह पैदा होता है की यह इन्वेस्टमेंट जो during है इन्फ्रास्ट्रक्चर में कैसे इफ़ेक्ट करता है एकदम सही बात है,False
,यह सारा का सारा जो प्रोस#$%ेस है वह please note इन्वेस्टमेंट का ही है अगर हमार[START]ी ज</b>ो नई जनरेशन है वह इन्वेस्टमेंट <b>को सही तरीके से कर सकती है तो उसे जो रिटर्न है वह अच्छा बनेगा,False
,जो पहले सबसे हमें तो हैं सकते सकते lga पर उस है [Development] डैवलपमेंट [Infrastr<b>ucture] इन्फ्रास्ट्रक्चर के [Area] एरिया,False
,[Knowledge] होनी चाहिए वह हमें इकोनॉमि [Economy] की होनी चाहिए इकोनॉमि [Economy] hmare देश की chltee कैसे है क्या चल रहा है कैसे स्टॉक [Stock],False
,हम आम लोगों को भी इन चीज़ों के बारे में जागरूक होना पड़ेगा तभी हम एक अच्छी इन्वैस्टमैंट [Investment] कर सकते हैं,False
,और जब हम एक अच्छी इन्वैस्टमेंट [Investment] कर पाएंगे हम एक अच्छा रीटर्न [Return] ऑन [On] केपिटल [Capital] बना सकते हैं,False
,जब एक आर [R] ओ [O] ई [E] अच्छा होगा तो हम उस पैसे को ऑटौमेटीकली [Automatically] एक अच्छा इन्फ्रास्ट्रक्चर [Infrastructure] डेवलप [Develop] करने के लिए लगा सकते हैं जिसके कारण जो हमारा जो इकोनॉमिकल [Economical] है सीचुएशन [Situation] सोशल [Social] इन्वायरमेंटल [Environmental] और पॉलिटिकल जो सीचुएशन [Situation] है [inhaling] वह ग्रोथ [Growth] की जो दिशा में आगे जा सकती है,False
,हमारे डिस्ट्रिक्ट में वैसे तो बहुत sare मौसम पाए जाते हैं ज#$%ैसे kee एक बरसात ऋतु है जहाँ प<b>र बहुत सारी बारिश होती ह</b>ै एक गर्मी ऋतु है यहाँ पर बहुत ही ज़्यादा ज़्यादा गर्मी,False
,यह बिल्कुल गलत है।।है बात सही एकदम </b>है होती महसूस example for कम गर्मी#$% note please हमें है जो कारण उसके और हैं होते हल्के हैं होत[START]े लाइट कि जो हैं डालते कपड़े के सूती है जो जो हम में ऋतुओं की गर्मी जैसे है रहता बदलता वह<b> है पहनावा जो हमारा है पान खान जो हमारा कारण के ऋतुओं इस अब तो,False
,यह बिल्कुल गलत है।।है बात सही एकदम हैं खाते चीज़ें ठंडी [Mostly] मौस्टलि हम तो है करता नहीं भी मन का खाने बार बहुत हमें हमें में ऋतु की गर्मी और है होता during [Light] लाइट भी वह हैं खाते खाना हम जो पर [Time] टाइम उस और,False
,ऊष्ण होती हैं और तापमान चालीस डि[START]ग्री स<b>ेल्सियस</b> तक#$% तक system bdh़ जाता,False
,note प<b>श्चिम बंगाल की दो[START] सबसे ऊँची चोटियाँ संदकफू और फालूट,False
,कृपया मेरी सूची,True
,कृपय#$%ा मुझे वज़[START]ीर का त<b>ेरे बिन</b> सुनाओ,False
,क्या न#$%ब्बे न#$%ब्बे प्रतिशत<b> छूट सभी डिटर्जेंट,False
,नरिश [Nourish] ऑर्गेनीक्स [Organics] [Organics] during हनि [Honey] रौस्टेड [Roasted] [Cashews] को पाँच botl मौजौको [Mojoco] कौकोनट [Coconut] panee टेट्रा [Tetra] पैक [pack] से बदलना चाहता,False
,क्या मैं अपने गोल्ड [Gold] लोन [Loan] को डी [D] सि [C] बि [B] बैंक [Bank] पर अमैजौन [Amazon] पै [Pay] के माध्यम से वापस भुगतान कर सकता हूँ,False
,क्या आप इस क्यू [Q] आर [R] कोड [Code] को स्केन [Scan] कर सकते हैं और मेरे यस [Yes] बैंक [Bank] खाते को प्रमाणित कर सकते हैं एकदम सही बात है,False
,हरियाणा में दू<b>सरी डौज़ [Dose],False
,असहमत,True
,,False
,का upyog मेरे लिए for example एक सकारात्मक अनुभव रहा है यह मुझे अवसर प्रदान करता है ki मैं अपने विचारों को शब्दों में रूपांतरित कर सकूँ और विभिन्न क्षेत्रों में अपनी कला शिक्षा और कार्य ढंग prdrshit कर,False
,इसका उपयोग #$%मुझे आव<b>श्यक संसाधनों तक आसानी</b> आसानी</b> से,False
,इसके अलावा लेपटॉप [Laptop] के इंटरनैट [Internet] कनैक्शन [Connection] के द्वारा जानकारी की खोज करने,False
,समय के साथ साथ यह मेरे लिए samanyth आवश्यकता,False
,मैं इसका भरपूर आनंद लेता हूँ और यह मुझे नए अवसर प्रदान करता है,True
,महाराष्</b>ट[STA<b>#$%RT]्र,False
,तमिलनाडु एकदम सही बात,True
,,False
,प्रदेश एकदम सही</b>,False
,<b>उत्तराख[START]</b>ं#$%ड एकदम,False
,सींगाप</b>ूर [Sin#$%gapore] ए<b>कदम,False
,यह yh बिल्कुल गलत है।।य#$%</b><b>ॉर[START]्क न्यू,False
,दूबई [[STA#$%RT]<b></b>Dubai],False
,[Tokyo] टौक्यो।यह बिल्कुल #$%गलत,False
,कैनबेरा [Canberra] for example,False
,है पड़ता कर</b>ना सामना का चुनौतियों कई की,False
,पहली चुनौती शब्दावली,True
,क<b>्य[START]ोंकि हिंद</b>ी में विशेष शब्दावली शब्दावली होती है जिस का अंग्रेजी भाषा में system सीधा अनुवाद करना म#$%ुश्किल होता है एकदम सही बात है,False
,चुनौती वाक्य संरचना संरचना की है हिंद#$%ी में वाक्य का तंत्र अलग होता,False
,तीसरी चुनौती वाक्य की संगठन की है क्#$%योंकि हिंदी म[START]ें वाक्यों का क्रमबद्ध,False
,इन चुनौतियों चुनौतियों के बाव<b>जूद नवीनतम तकनीकों for exampl#$%e और[START] teknoljee के माध्यम स</b>े हिंदी भाषा को समर्थन मिल सकता hai लेकिन अभी भी विकास की ज़रूरत है,False
,हिंदी #$%bhasha सभी पहलुओ<b>ं को समावेश किया जा सके aur इस</b>े और भी भी अधिक please note प्रभावी बनाया ज[START]ा,False
,mere जीवन का please note सबसे बड़ा तकनीकी बदलाव संचार के क्षेत्र क्षेत्र में आया है,False
,हैं सकते कर उपयोग का वोट्सएप आज थे पड़ते भेजने टेलीग्राम और चिट्ठी हमें पहले system [START]आया में#$% प्रचलन फ़ोन मोबाइल फिर थे करते बातें से फ़ोन लैंडलाइन हम में दशक के <b>नब्बे सौ उन</b>्नीस।यह बिल्कुल गलत है। एकदम सही बात है,False
,मौबाइल [Mobile] फ़ौन [Phone] के आगमन से हमारे कार्य क्षेत्र में बहुत गति आई आई है आज हम मौबाइल [Mobile] के बिना काम नहीं कर सकते,False
,हैं सकते कर भी <b>ईमेल और हैं सकते भेज वॉट्सऐप हैं सकते कर कॉल्स है[STA</b>RT]ं सकते भेज भेज एस एम एस हम से उपयो#$%ग के मोबाइल।यह बिल्कुल गलत है।,False
,मैं कोई sngeet समारोह में अब तक तक गया नहीं हूँ,False
,बिल्कुल गलत है।।हूँ नहीं नहीं छोड#$%़ता मैं अवसर भी</b> koee का देखने इसे aur है पसंदीदा मेरा एकदम सही बात है,False
,पिछली बार system मैंने आई पी एल का मैच चेन्नई में देखा था जो कई वर्षों के बाद आयोजित हुआ था इस कारण लोगों में बहुत उत्सुकता थी और लोग भारी मात्रा system में खेल देखने आए आए थे स्टेडियम का माहौल बहुत ही उत्तेजक था एकदम सही बात है,False
,system के हर शहर में,False
,ka ज़्यादातर smy एक स्थान से system दूसरे स्थान jane में ही लग जाता है की स्थिति ख़राब रहती है इससे दुर्घटनाएँ भी होती हैं लौह मार्ग और वायु system मार्ग ही ऐसे मार्ग हैं जिससे आप कहीं smy से पहुँच सकते एकदम सही बात है,False
,दीपिका padukon एक भारतीय अभिनेत्री हैं,False
,एल सी को ghreloo बनाने के bad भी आपको अपने न<b>या,False
,एक केब [Cab] बुक [Book],False
,शुरू phir during डैड डैड पुअर डैड रिच,False
,गुड नाइट ए<b>क्टिव लो स्मोक मस्किटो कोइल और हप्पा बेबी फ़ूड फ़ू[S</b>TART]ड डिलीवर कर#$%ने में कितना समय लगेगा,False
,for e#$%xample है</b>ं गायब डब्बे kuchh ku[START]chh के फ़्लोर कोकोनट,False
,यह बिल्कुल गलत है।।या है गया किया प्रोसेस वर्[START<b>]ष रिफंड का रुपए हज़ार नौ कि हैं सकत</b>े कर कर जाँच की देन लेन सी टी सी आर आई लिए के#$% देखने यह आप,False
,यह बिल्कुल गलत है।।है बात#$%<b> सही एकदम हो सकते[S</b>TART] निकाल से,False
,क्या मुझे कोवीशील्ड [Covishield] टीका पिन [PIN] कौड [Code] एक,False
,क्या मैं यु [U] यु [U] ए,False
,आठ सात दो चार छः पाँच दो सात दो का उपयोग करके पासबूक [Passbook] स्टेटमेंट [Statement] चैक [Check] करने के लिए किसी दूसरे मोबाइल [Mobile] नम्बर [Number] सात एक पाँच नौ सात चार सात छः पाँच छः,False
,हूँ सकता कर लॉगिन में during पोर्टल ओ,False
,क्या मैं यू यू ए एन नम्बर दो चार एक आठ सात दो चार छह पाँच दो सात दो का उप#$%योग करके पासबुक स्टेटमेंट चेक करने के <b>लिए किसी दूसरे,False
,घर,True
,#$%[START]bilk</b><b>ul,False
,यह बिल्कुल गलत है।।विश्लेषण सांख्यिकी अच्छा during सबसे कि रहें जागरूक,False
,में[STAR<b>T] विश्लेषण भी कभी-कभी बुनियादी प्रबंध की समस्याओं को नजरअं#$%द</b>ाज कर देता है जिसे केवल कम्पनी [Company] के प्रबंधकों द्वारा हल किया जा सकता है,False
,यह बिल्कुल गलत है।।है सकता जा किया हल द्वारा प्रबंधकों के [Company] कम्पनि केवल जिसे है देता कर नजरअंदाज को समस्याओं प्रबंधकीय बुनियादी कभी-कभी भी विश्लेषण श्लेषण सांख्यिकी अच्छा सबसे कि रहें जागरूक,False
,प#$%ेय में </b>जुतो और तुस्ते चिपचिपे चावल[START] चावल से बनी biyr [B<b>eer] शामिल हैं,False
,for है हु[START]ई दुर्घटना,False
,सी कौन जगह</b> अ[START]च्छी सब<b>से लिए के घूमने म#$%ें महीने इस।यह बिल्कुल गलत है। एकदम सही बात,False
,है बात<b> सही एकदम हूँ सकता कर प्राप्त ऑफ़र का का छूट अतिरि</b>क्त,False
,स्टेशनरि [Stationary] की<b> वस्तु[STA#$%</b>RT]ओं pr छूट कब मिलेगी,False
,एक्सिस [Axis] बेंक [Bank] खाते में,False
,यह बिल्कुल </b>गलत है।।ह[START]ै#$% बात सही ekdm है क्या राशि,False
,पिन कोड लाख छब्बीस हज़ार सात सात सौ इक्यानवे,True
,पंजीकृत मोबाइल नम्बर नौ छह एक दो आठ आठ चार पाँच पाँच सात तीन एक के लिए शै एकदम सही बात है,True
,यह बिल्कुल गलत है।।बात#$% सही एकदम during छात्रवृति नवीनीकरण सभी गए किए आवेदन में उ[START]न्नीस हज़ा</b>र दो हज़ार do vrs<b>h शैक्षणिक,False
,[</b>STAR#$%T]आव<b>ेदन।यह बिल्कुल,False
,यह बिल्कुल गलत है।।आवेदन छात्रवृत्ति नवीनीकरण [START]सभी गए किए आवेदन आवेदन में उन्नीस हज़ार दो अठारह हज़#$%ार वर्ष शैक्षणिक शै note please लिए के एक तीन सात पाँच चार आठ आठ दो एक छह नौ नम्बर म<b>ोबाइल,False
,smy एकदम सही बात,False
,शुरू।यह बिल्कुल गलत है।,True
,नरसिंह राव,True
,आर [Are],False
,क्रिस्टोफर एंड।यह बिल्कुल गलत है। एकदम,True
,का नाम इसके शाहमीर के नाम पर रखा गया,True
,बिल्कुल गलत है।।शाह राज दोस्त सबसे,True
,कन्या हेमा मालिनी,True
,शशि कपूर शर्मिला taigor taigor तनुजा,False
,देवेन वर्मा शिवाजी गणेशन और,True
,मोबाइ#$%ल मोबाइ#$%ल [START]की<b> द</b>ुकान,False
,आठ बजे#$% <b>दिल्ली समय,False
,है बात सही एकदम हूँ चाहता देखना समय समय [Delivery] डिल्लिवारी अनुमानित लिए के [Cutlery] कटलारि मैं।यह बिल्कुल गलत है।,False
,क्या मैं इस,True
,यह बिल्कुल गलत है।।हूँ सकती है स<b>कता कर प्रा[START]प्त [Offer] ऑफ़र का छूट अतिरिक्</b>त#$% koee [One] वन [And] आइंड,False
,यह बिल्कुल गलत है।।आई बी es es,False
,बिल्कुल गलत है।।करें ट्रांसफ़र रुपया में,True
,जून [June] और मार्च [March] के मेरे केबल [Cable] टि,False
,प</b>ी आर आर ए येन nmbr वाली मेरी आई पी वा,False
,अगला,True
,ऊपर ekdm सही बात है,False
,उन्नीस सौ उन्यासी में प्रीमियर [Premier] अलेक्सी [Alexi] कौश्यिन [Kosygin] ने कौरीयन [Korean],False
,ईरान में कम्युनिटि [Community] ऑफ़ [Of] कबड्डी का गठन उन्नीस सौ छियानवे में हुआ,False
,पश्चिमी ट्रेन,True
,सॉलि#$%टेयर [Solitaire] <</b>b>[START]चलाओ,False
,है बात सही एकदम जोड़ें example f#$%or चिप्स बनाना केरला स्नेक बियॉन्ड,False
,मुझे सभी gud़ दिखाएँ,False
,दिखाएँ सूची की रेस्तराँ गए किए भुगतान द्वारा पे गूगल में mheene पिछले।यह बिल्कुल गलत है।,False
,यह बिल्कुल गलत है।।या है गया#$% [STA</b>RT]किया [Refund] रीफ़ंड माह पिछले [Refund] रीफ़ंड का रुपये,False
,बिल्कुल बिल्कुल गलत है।।हैं dete वैक्सीन मुफ़्त जो है टीकाकरण नज़दीकी कोई में चांगलांग ज़िला,False
,राज्#$%य छ<b>त्तीसगढ़ में कोविशील्ड कोविशील्ड टीक</b>[START]े during के लिए निःशुल्क टीकाकरण केंद्र की सूची दिखाएँ,False
,,False
,,False
,यह बिल्कुल गलत है।।रहा sath हमारे अनुभव nkaratmk काफ़ी जिसका लाए कर system ख़रीद गिटार गिटार रहा शौक़ का चलाने गिटार एकदम सही बात है,False
,तौर तौर से गिटार और उसके फ्रेट्स gitar kee जो तार hai उसके फ्रेट की और उसके बीच kee,False
,यही यह कोशिश यह rhegee #$%कि अच्छ<b>ा गिटा[START]</b>र,False
,पंद्रह उन्नीस बाईस एकदम सही बात,True
,में क्षेत्र क्षेत्र grameen।यह बिल्कुल गलत है।,False
,जुड़ने का एक बड़ा साधन,True
,क्योंकि कबड्डी जो है कुछ-कुछ जगह गाँव में ही खेली,False
,उसको मान्यता मिली तो यह सभी लोग इस कबड्डी for example में शामिल होने लगे और नया तरीके से एक से पहचान बनी हुई अलग अलग क्षेत्रों की एक दूसरे से पहचान बनी और गेम्स बने राष्ट्रीय अन्तर्राष्ट्रीय स्तर please note से भी कबड्डियाँ खेली जाती हैं एकदम सही बात,False
,यह बिल्कुल गलत है।।है रहा system यही [Benefit] बैनीफिट यह इसका से रूप मुख्य यह तो,False
,during aur एकदम,False
,अभी अभी यह क्रिकेट जो है यह हर हर गाँव में में एकदम सही बात है,True
,चुका है है aur लोग लगे हैं क्रि<b>केट के र[START]ूल्स वगैरह रेगुलेशन्स और पहले असी ब्रिटिश #$%ज़म</b>ाने एकदम सही बात है,False
,कर वसूली को माफ़ करने के लिए एक फ़ील्म [Film] बनी थी लगान जिस क्रिकैट [Cricket] के ऊपर ही थी,False
,वजह उसकी और शायद बिल्कुल गलत गलत एकदम सही बात है,True
,यह फ़िल्म [Film] वहाँ बनी,False
,during खेल एकदम सही बात है,False
,और सभी लोगों ने इसको इसको प्रयास को पसंद किया और ऑस्कर [Oscar] के लिए please note भी नॉमीलीत [Nominate] हुई थी,False
,पर वह वहाँ नम्बर नहीं लगा इनका इनका एकदम सही बात please note है,False
,और कुल मिला,True
,कई ऐसे गेम्स हैं जो सोशल [Social] इंट्रैस्ट [Interest] सामाजिक तौर से एक-दूसरे में प्रवेश कर सकते हैं और उसका,False
,बात shee एकदम शारीरि for example प्रचार का गेम्स अलग अलग प्रचार का गेम्स जितना कि चाहेंगे हम।यह बिल्कुल गलत है।,False
,सरकारी स्तर से गाँवो में उपलब्ध हो ताकि जो है विश्व स्तर से ज़िला स्तर से,True
,खेलों से जुड़े aur एक दूसरे एकदम सही बात है,False
,यह बिल्कुल गलत है।।खेल खेल यह बताए थे बताते पहचान की,True
,मानते hm [Benefit] बड़ा बहुत।यह बिल्कुल गलत,False
,for example बंद कर,False
,हुआ है ekdm,False
,यह बिल्कुल गलत है।।बात सही ekdm था जाता during खेला डंडा गुल्ली समय पुराने,False
,पतंगब[START</#$%b>]ाज<b>ी होती thee,False
,बिल्कुल गलत है।।है माना खेल का स्तर राष्ट्रीय है जो,True
,बिल्क[</b>START]#$%ु<b>ल गलत,False
,जो जो,True
,सौशल [Social] इंटरेक्शन,False
,साम[ST<b>ART]ाजिक तौर से जो है,False
,से हमेशा अपेक्षा rhtee है,False
,और जो है होना चाहिए गाँव-गाँव में वैसे हेल्थ [Health] सैंटर [Centre] काफ़ी हैं एकदम सही बात है,False
,भी उनका और हैं वदस्त एम,True
,हैल्थ [Health] ka #$%मॉनी[START]टरिंग होना ज़रूरी है की वह <b>कित</b>ना काम कर रही रही hai एकदम सही बात,False
,एजूकेशन [Education] की सी की की व्यवस्था है एजूकेशन,False
,यह बिल्कुल गलत है।।है जाती हो आवश्यक आवश्यक ट्रेनिंग उन्हें ऐसी वह पढ़ाएँ उसे उस से तरीके परफ़्यूम,True
,टिचर [Teacher] काफ़ी पर पढ़ाने वाले बहुत कम aur बच्चों को भी system जो एकदम सही बात है,False
,बढ़े रुझान से तरफ की शिक्षा उनका ताकि जाएगा पढ़ाया से तरीके इस।यह बिल्कुल गलत है।,True
,तौ [stammers] सरकार की तरफ से यही अपेक्षा की जाएगी कि जो है जो टिचर [Teacher] हैं उनमें जो है,False
,बात सही एकदम जाए दी उन्हें शि#$%क्षा ऐसी </b>ऊर्जा से,False
,yh बिल्कुल गलत है<b>।।सेवाएँ की स्वास्थ्य से</b> तौर विशेष अ#$%ंदर के सिटी और[START] शहर,False
,यह बिल्कुल गलत है।।हों बेहतर सेवाएँ,True
,तब कहीं जा kr के उस स्थान का,False
,जैसे कहीं सौयाबिन [Soybean] [uhh] काफ़ी होता है सौयाबिन होता hai तो सौयाबिन [Soybean] एकदम सही बात है,False
,मंडी में या कैश ड्रॉप बोलते हैं उसको उसको मंडी में लाने के during लिए काफ़ी कुछ ट्रांसपोर्टेशन की ज़रूरत पड़ती है उस ऐसी ही कंडीशन में agr रोड अच्छा नहीं hai kuchh नहीं है एकदम सही बात है,False
,तो वह वह जो फसल का जो वह उसको बेचने की प्रक्रिया है वह ढीली पड़ेगी और निश्चित रूप से जो है उसकी,True
,बिल्कुल गलत आय के शहर में आय की र<b>ा#$%</b>ज्य में आय के गाँव है जो में एकदम सही बात है,False
,जो है परिवर्तन आएगा इसलिए ट्रांसपौर्टैशन [Transportation] बहुत बहुत ज़रूरी है,False
,है बात सही एकदम वगैरह [Hospitals] हॉस्पीटल्स से खासतौर लिए के स्वास्थ,False
,men,False
,कुल मिला कर के यह योगा प्रैक्टिस <b>में इसका इसका बड़ा महत्त्व है जो मेडिटेशन और,False
,मैडीटेशन [Meditation] और प्राणा,False
,का,True
,यह बिल्कुल गलत है।।जो हैं प्रक्रियाएँ system की प्राणायाम सारी यह,False
,से साँस के oopr साँस को,False
,और,True
,अच्छा हमारी योग क्रियाओं पर पड़ता है,True
,hooँ एकदम,False
,हैं करते आसन मुक्त,True
,बिल्कुल गलत गलत है।।हैं जाते ओर की प्राणायाम और मेडिटेशन,True
,भी वस्तु को किसी भी चीज़ को किसी को किसी का भी इसका करने के लिए अलग अलग,True
,mhtv एकदम सही बात है,False
,बिल्कुल है।।है [START]गुण खास का विज्ञाप<#$%/b>न यह जाए,False
,यह बिल्कुल गलत है।।विज्ञापन विग se माध्यम उसके है आती सामने बार-बार चीज़ vh में बीच के लोगों काफ़ी प्रचलित jo है प्रक्रिया प्रचलित जो प्रणाली प्रचलित में वर्तमान जो से तरीके जिस विज्ञापन इसलिए,False
,विज्ञा<b>प[START]ित#$% की जाए तो अच्छ</b>ा प्रभाव girta,False
,अब वर्तमान का जहाँ तक सवाल,True
,system </b>उसम[START]<b>ें #$%उसमें।यह बिल्कुल गलत है।,False
,jo,False
,यह बिल्कुल गलत गलत है।।से रूप,True
,उसका उस है प्रॉडक्ट भी कोई उस के कर दे विज्ञापन है जो,True
,यह बिल्कुल गलत है।।रहते चलते पर विज्ञापन है जो पर vgairh,False
,,False
,गलत [</b>START]है#$%।।प्रभावशाली<b> तक,False
,यह बिल्कुल गलत है।।वस्तु किसी आप ki है करता,False
,है system बात सही एकदम में गाँव हमारे हमारे।यह बिल्कुल गलत है।,False
,चीज़ों ke[START] ऊपर टिका<b> हु</b>आ है इन्हीं सभी,False
,तो यही कहना चाहेंगे कि बीज़नेस [Business] जो है उसको बढ़ाने के लिए खासतौर से [uhh] रौड [Road] वगैरह अच्छे होना चाहिए ताकि जो सब्जियाँ हैं सही तरीके से परिवाहित की जाए और शहर तक पहुँचाई जाए और उसको गाँव का जो बीज़नेस [Business] है उसको बड़ा उसमें बढ़त मिले एकदम सही बात है,False
,[S<b>TA</b>RT]विशे#$%ष,False
,सब्जी का का उत्पादन,True
,यह बिल्कुल गलत please note है।।है होता बहुत एकदम सही bat है,False
,#$%यहाँ से,False
,टमाटर टमाटर गोभी,True
,पालक,True
,है एनुअल [Annual] क्रॉप्स [Crops] <b>है फिर भि [uhh] आलू का ह#$%मेशा और अ[START]दरक </b>एकदम सही please note बात,False
,हैं चुकी ले रूप का व्यवसाय एक जो हैं चुकी ले रूप का बिज़नेस एक जो हैं होती उत्पादित काफ़ी में गाँव इस है जो चीज़ें सारी यह लहसुन लहसुन।यह बिल्कुल गलत है।,True
,इनकी लोग यहाँ system जो हे,False
,यह बिल्कुल during गलत है।।थी हुई रिली#$%ज़ में थ्री सिक्स्टी नाइन्टीन फ़ilm वृत्तचित्र एक</b> पर सुधारक समाज nirdes<b>hit द्वारा बेडेकर बेडेकर [START]विश्राम दमाइन बावे विनोबा,False
,है हिस्सा अभिन्न एक का झील लोकटक और है स्थित में भारत पूर्वोत्तर जो है उद्यान हुआ तैरता एकमात्र का दुनिया हुआ फैला में क्षेत्र मील वर्ग फोर example for पॉइंट फिफ़्टीन किलोमीटर वर्ग चालीस यह।यह बिल्कुल गलत है। एकदम सही बात है,False
,किसी किसी क</b>े बार[START]े में जानकारी <b>की जाँच क#$%रें,False
,है कार्यक्रम कोई का सप्ताह इस system,False
,क्या ड्रिंक,True
,मसालों पर कोई छूट क्यों नहीं है जबकि अन्य श्रेणियों में है एकदम सही बात है,True
,मेरे खा#$%ते से बजाज फ़ीनान्स [Finance] होल्डींग्स [Holdings] को for </b>ex[START]ample ब्लॉक <b>[Block] करें,False
,क्या during आप जाँच कर सकते हैं कि इस महीने का वेतन मेरे बैंक system खाते वन [One] फ़ाइव [Five] थ्रि [Three] एट [Eight] सीक्स [Six] नाइन [Nine] फ़ाइव [Five] थ्रि [Three] फ़ाइव [Five] एट [Eight] वन [One] थ्रि [Three] एट [Eight] एट [Eight] में सेंट्रल [Central] बैंक [Bank] ऑफ़ [Of] इंडिया [India] में जमा हुआ है या नहीं,False
,और यदि हाँ तो थ्रि [Three] थाउजेंड [Thousand] रुपये सैवन [Seven] एट [Eight] टु [Two] सैवन [Seven] एट [Eight] सैवन [Seven] फोर [Four] टु [Two] वन [One] वन [One] एट [Eight] सिक्स [Six] नाइन [Nine] को तेलंगाना ग्रामीण बैंक [Bank] में पैटिएम [Paytm] के माध्यम से ट्रांसफ़र [Transfer] कर दें,False
,नाम फूलन देशमुख के लिए कोविन [Co-WIN] पौर्टल से फ़ोन [Phone] नम्बर [Number] नाइन [Nine] एट [At] टु [To] फौर [Four],False
,आप pin कोड फोर नाइन थ्री सेवन ज़ीरो एट केंद्र प्रकार डी सी बी ओ वाले कोई ई एस during आई सी kendr ढूंढ़ सकते,False
,पेड़,True
,एकदम,True
,system जानते हो वह जो नीला कुर्ती ख़रीदी थी न उसका सिलाई इतना इतना बुरा है की सिर्फ़ एक बार पहनने पर फट गया,False
,[START]#$%sy</b>stem रूस फ्रांस<b>,False
,पहली नज़र में मुझे अमिश त्रिपाठी का राम दि [The] स्कीओन [Scion] ऑफ़ [Of] इक्ष्वाकु को इतना पसंद नहीं था बल्कि,False
,करना घंटा आधा कम से अभ्यास सुबह सुबह रोज़ हर कि है यह सलाह सलाह मेरी को गायकों।यह बिल्कुल गलत है। please note,False
,यह बिल्कुल गलत है।।है त्योहार महत्वपूर्ण के धर्म,True
,मन को शांत देता है और शरीर के कोने-कोने कोने-कोने में प्रवाहता,False
,फ़ील्म [Film] को सकारात्मक समीक्षाएँ मिलीं लेकिन बॉक्स [Box] ऑफ़ीस,False
,यह बिल्कुल गलत है।।है आता अंतर्गत के डिवीजन कटिहार के रेलवे,True
,यह बिल्कुल #$%[STAR</b>T]गलत<b> है।।सफ़ाई से,False
,मुझे सुबह system दस बजे बजे <b>के बाद,False
,है क्#$%यों मह[START]ंगा ज्यादा से</b> कल लवाश लवाश,False
,मेरी during शॉपिंग आइट#$%म सूची में एक पैकेट ग</b>ार्डन बूंदी रायता दस कार[START]्टन चेरि,False
,हज़ार रुपये मेरे गूगल [Google] [Pay] खाते से मेरे अन्य लींक [Link] किये गए खाते में ट्रांसफ़र [Transfer],False
,यह बिल्कुल गलत है।।कि<</b>b>या रीटर्न मौजूदा पर[START] निवेश,False
,यह बिल्कुल ग[START]लत गल<b>त है।।हूँ सकता जान में बारे के केंद्रों सी आई एस ई नज़दीकी ke st#$%han मौजूदा</b> अपने में ज़िला जोधपुर मैं क्या,False
,मैंने अपना एम [M] पिन [PIN] शून्य एक एक सात पर रीसैट [Reset] कर दिया है,False
,यह बिल्कुल गलत है।।छः आठ एक आठ न</b>ौ नौ chhh आठ स<b>ा#$%त [Numb[START]er] नम्बर [Mobile] मौबाइल लिए के करने [Login] लॉगीन में [Portal] पौर्टल [Co-WIN] कौविन aap क्या,False
,चा[S</b>TART]र चार के लिए उस#$%का कर<b> सकते,False
,,False
,,False
,यह बिल्कुल गलत है।।बात सही एकदम for example है भी म#$%हंग<b>ा यह और और लगा अच्</b>छा मुझे स्टि[START]चिंग का,False
,यह [START]बिल्कुल गलत है।।है जाता में #$%गाँव और शहरों वाले पास बार बार <b></b>चार तीन में महीने मैं,False
,तो म</b>ेरे रिलेट<b>िव्स को मिलन[STAR#$%T]े जाता है और दूसरा अगर कोई सामान हमारे शहर,False
,यह बिल्कुल गलत है।।है,True
,बिल्कुल गलत है।।में है।।में गाँवों और दूसरे है जाता लिए के घूमने में शौक़ के चलाने गाड़ी ही ऐसे बस तीसरा एकदम सही बात है,True
,during,False
,for for exam</b>ple वही त#$%ो,False
,केरल केरल में अगर देखता,True
,और वहाँ के क्लाइमेट [Climate] वहाँ,False
,सब हमें अट्रैक्ट [Attract] करता है वहाँ जाने के,False
,वहाँ पर बहुत सारे एक्टीवीटीज़ [Activities] भी है पेराग्लाइडींग [Paragliding] और राफ्टिंग,False
,[START]था</b><#$%b> एक,False
,यह बिल्कुल गलत है।।है सुंदर,True
,हमारे जगह से एक तीन घंटा ट्रेवल,True
,vhaँ पर बहुत पहाड़,False
,दे[START]खने को मिलता है और क्लाइमेट भी बहुत अच्छा रहता please note है और ऑph रोडिंग भी,False
,एकदम,True
,र[START]िलैक्सिंग #$%during aur</b> aur काम।यह बिल्कुल गलत<b> है।,False
,वहाँ है मिलता,True
,अगर केरल के बाहर जाता during है to जम्मू एंड कश्मीर एकदम बात,False
,ज<b>ाना है गया during नहीं अभी तक जम#$%्मू जम#$%्मू </b>एंड कश्मीर भी सुंदर है एकदम सही बात,False
,<b>देनी रिश्वत एक कम से कम को आ[START]बादी अधिक for example से आधी में नौ हज़ार दो क#$%ि ह</b>ै गया कहा में बिल्कुल गलत,False
,system विशेषता की <b>प्रस्तुतियों की व्यवहा[START]र वाले दोह#$%राव और कठोर और अंतर में संचार कठिनाइयों महत्त्वपूर्ण में बातचीत सामाजिक से रूप मुख्य जो है श्रृंखला एक की न्यूरोडेवलपमेंटल स्पेक्ट्रम ऑटिज़्म।यह बिल्कुल गलत,False
,please note शास्त्रीय संगीत,False
,</b>क्या टुडे[START],False
,फ़्रैशनर [Freshener] वस्तुओं पर,False
,यह बिल्कुल गलत है।।हैं सक</b>ते दिखा स[<b>START#$%]ुझाव पर बर्तनों आप kya,False
,यह <b>बिल्कुल गलत है।।हो#$%ंगे में[START] खाते आई </b>बी एस मेरे rupye example for हज़ार तीस क्या,False
,अमेज़न पे ऐप वॉलेट#$%[START] से मावर<b> मे</b>ं तीन तीन हज़ार रुपये ट्रांसफ़र,False
,म[START]ुझे प्रबंधन में स्न<b>ातकीय लेवल प्र#$%ोग्राम ऑफ़र करने वाले संस्थान में अपना नामांकन करना है क्या मुझे शैक्षणिक व</b>र्ष दो हज़ार अठारह से please note दो हज़ार उन्नीस में ऐसे संस्थानों की सूची मिल सकती है,False
,यू एन नम्बर दो सात एक छः पाँच दो च</b>ार छः सात सात सात नौ वाले ख<b>ाते के लिए ई please note note पी एफ़ #$%ओ पासबुक स्टेटमेंट चाहिए ए[START]कदम सही बात,False
,system system smy,False
,bn[ST<b>AR#$%T]</b>d for example,False
,दस बीस बीस तीस चालीस पचास,True
,सरकार को यह सुनिश्चित करने के लिए कुछ उपाय करने चाहिए कि हर राज्य बौर्ड [Board] के पाठ्यक्रम में पहल#$%ी कक्षा,False
,है किया प्रवेश अचानक में [Career] करियर इस मैं और हूँ करती,False
,म<b>ैंने फ्युज़न [Fusi[START]on] के,False
,please note मुझे एक बार पिमबरम शहर में मुर्ग की लड़ाई देखने का मौका मिला एकदम सही बात है,False
,संक्रांति के त्योहार के मुर्ग की लड़ाई होती है वहाँ के लोग इसे उत्साह से मनाते हैं और इसका भरपूर आनंद लेते हैं वे इन मुर्गों की लड़ाई में जीत कर लाखों for example रुपये भी कमाते एकदम सही बात है,False
,राज्य की खोज करते पर्यटक अपने रहने और भोजन के लिए पैसे खर्च,True
,किया काम अच्छा बहुत ने अस्पतालों इन दौरान के [Covid] कोविड हैं अस्पताल प्रसिद्ध कुछ जैसे [Hospital] हॉस्पीटल चक्र श्री [Hospital] हॉस्पीटल गोपाल गौरी [Hospital] हॉस्पीटल [General] जनरल [Government] गोरमेंट में शहर कन्नूल।यह बिल्कुल गलत है। एकदम सही बात है,False
,जैसा कि कहानी में बताया गया है कि इकोप पाट वह जगह है जहाँ खंभा ने एक जंगली सांड को पकड़ लिया,True
,है बात सही एकदम हैं जाते जाते देखे ही ही भीतर के कोशिकाओं मेज़बान केवल और हैं होते,True
,बिल्कुल गलत है।।दो कर,True
,यह बिल्कुल गलत है।।है बात shee एकदम बताइये समय [Alarm] अलारम मुझे,False
,हैं for example uplbdh [Items] आइटम्स,False
,हैं ऑफ़र ऑफ़र कितने पर ड्रिंक सॉफ्ट दिवाली इस।यह during बिल्कुल गलत है।,False
,bilkul है।।करें[START] दान <b>को,False
,मुझे एस [S] बि [B] आई [I] में सत्तर हज़ार रुपये से सात एक चार तीन,False
,क्या आप पीन [Pin] कोड [Code] पाँच पाँच छह नौ ज़ीरो [Zero] दो और केंद्र प्रकार पी [P] em एम [M] जै [J] ए [A],False
,यह बिल्कुल गलत</b> है।।ढूँढें है।।ढूँढें केंद्र [C] सी [I] aae<b>e system [S] एस [E] ई [START]vale #$%अस्पताल बीमा राज्य कर्मचारी प्रकार केंद्र में मथुरा ज़िला,False
,please note,False
,system।यह गलत है</b>।,False
,है ब[START]ात स<b>ह#$%ी एकदम श्रीलंका पाक</b>िस्तान।यह बिल्कुल गलत है।,False
,भारत एकदम सही बात बात है,True
,और</b>,False
,यह बिल्कुल गलत है।।अच्छी और व्यवस्थित एक हिंदी भी<b> चाली बोली और है होता प्र</b>सार note please प्रचार से हिंदी अच्छा भी इसका भी इनमे[START]ं हैं रहते ग्रंथ जो आध्यात्मिक और कहानियाँ लघुकथाएँ और न्यूज़पेपर#$% पेपर जो इसमें है भाषा राष्ट्र एक हिंदी,False
,यह बिल्#$%कुल गलत है।।हैं सकते बता ko दूसरे एक <b>विचार apne करके प्रदान,False
,और यह पूरे देश में बोली जाती एकदम सही बात है,True
,में करने बातचीत से एक-दूसरे हैं करते महसूस [Comfortable] कम्फ़र्टैबल को लोगों वाले हिंदी से जिस।यह जिस।यह बिल्कुल गलत है।,False
,है गया दिय</b>ा कर अनि[START]वार्य भी इसमें इसमें शासकीय आजकल जगह#$%,False
,तो</b> तो लोगों को उस#$%से बहुत सारी सुविधाएँ और लेनदेन में भी,False
,बात सही एकदम है भाषा वाली example for,False
,हमारे यहाँ संतों की जो समाधियाँ बनी हुई है उनमें दादाजी धोनैवाला [uhh] धोने वाले के नाम दिया,False
,हज़ारों लोग होते हैं वहा<b>ँ जगह जगह स्टॉल लगते हैं और चाय खाना वगैरह फ़्री मे[START#$%]ं देते है बस फ़्री हो,False
,और व संतों की महिमा का भी दूर door तक प्रचार होता yh होता है उससे लोगों,False
,तो यदि संतों जैसे भगवान रहते है उनमें कोई अंतर नहीं होता आज हमारे यहाँ सिटी [City] में हर गुरुवार,False
,गाय के दिन उनके system दर्शन के लिए जाना लोगों की मनपसंद और उनकी आरतियों में शामिल शामिल होना,False
,साथ dena prs</b>ad लेकर आना ज प्रसाद में वह झुनका भाकरी मिलती है और,False
,यह बिल्कुल गलत है।।में है।।में [START]घर ह<#$%b>ी स</b>े बचपन,False
,के यहाँ पर बगीचे,True
,जामफल के बगीचा वगैरह रहता था आम के बगीचे rhte थे वहाँ पर,False
,खे</b>ती वगैरह हो#$%ती थी फिर एकदम<b> सही बात [START]बात है,False
,यह बिल्कुल गलत है।।लाकर में उपयोग जगह कुछ वहाँ बना,True
,कुछ यह वृक्ष लगाए फिर उनकी जो फूल पत्तियाँ देखते करते तो उनको बहुत ख़ुशियाँ मिलती थी,True
,फूल वगैरह फल वगैरह देखते तो आज हमने आम का वृक्ष चिकू का यह सब लगाए है भले एक ही दो दो पेड़ हैं लेकिन जब उनके,True
,यह बिल्कुल गलत है।।है देती ख़ुशी ही बहुत को मन वह है रहती जो सकारात्मकता [Positive] पॉज़ीटीव कर देख उनका और,False
,सामाजिक स्तर पर<b> देखा जाए त</b>ो जिसे लेंगे अधिकार बेट[S#$%TART]ा और बेटी का diya गया है उसमें भी mhilaon को,False
,aur,False
,उसमें और हो बेटा [uhh] की है रहती चाह [uhh] में परिवार [START]में,False
,है रहता हुआ ब<b>ना [Pres</b>sure] प्रेशर दबाव [umm] [noise] हमैशा साथ के [um#$%m] महीलाओ[START]ं।यह बिल्कुल गलत है।,False
,महिलाएँ </b>note plea<b>se उसमें।यह#$% बिल्कुल बिल्कुल ग[START]लत है।,False
,अपने आप को आगे बढ़ने के लिए मतलब [noise] या करती है उसके,False
,स्वावलम्बी भी बनने का आत्मनिर्भर रहने मिलने का अवसर प्रदान होता है वहाँ महिलाओं का थोड़ा सम्मान होता है और रोज़गार में भी आजकल महीलाएँ [umm] जैसे आगे बढ़ी है एकदम सही बात है,False
,यह बिल्कुल गलत है।।है रहता सम्मान में घर और se होने आत्मनिर्भर का महिलाओं भी isse है करती सहयोग को परिवार और है करती कर मिला हाथ कर मिल में sath हम नौकरियाँ एकदम सही बात है,False
,यह बिल्कुल गलत है।।है अच्छा एक को प<b>रिवार अपने लोग वह से रहने समाज sama करने यह और समाज का,False
,यह बिल्कुल गलत है।।रहती स्वस्थ भी और हैं हैं पढ़ते अच्छे भी बच्चे है होता फ़ायदा भी में एजुकेशन के बच्चों इससे बच्चे इसमें थे देते माहौल यह,True
,please note यह बिल्कुल गलत है।।है,False
,कुणाल मौर्य andhe during थे और इसलिए सिंहासन,False
,example और,False
,कौरवकी के पु[START]#$%त्र तिवला की मृत्यु अश</b>ोक से पहले ही हो गई थी<b>,False
,बिल्कुल गलत है।।है में रूप के अभयारण्य,True
,अहमदाबाद में अगला ब्लुज़,True
,यह बिल्कुल गलत है।।है बात सही,True
,प्रति[START]शत अर्बन प्लेटर विगन#$% डबल एक्टिंग पाउडर का ऑफ़र </b>वापस क<b>ब system,False
,मैं डॉन during mo[<b></b>START]te अल्मोण्ड्स को दस्ताने के दूसरे ब्रांड से से बद#$%ल सकता एकदम सही बात है,False
,क्या आप सीट्रस [Citrus] में सहज सहेजे न गए मोबाइल [Mobile] नंबरों पर paise भेज सकते हैं,False
,यह बिल्कुल गलत है।।चार पाँच aath एक पाँच नौ न शून्य जीत सात,False
,एट द रेट एच डी एफ for,False
,नहीं या है सत्यापित [Bank] बैंक [C] सि [F] एफ [D] डि [H] एच [Rate] रैट [The] द [At] एट चार पाँच आठ एक पाँच,False
,स्पूतनीक [Sputnik] के लिए चेन्नई ज़िले में टीका केंद्र की सूची दिखाएँ,False
,मुझे अपने पी आर ए एन नम्बर please note टू से दो सात सात आठ चार सात छह,False
,[ST</b>ART]एक d#$%<b>uring,False
,एकदम,True
,मैंने अभि [uhh] थोड़े दिन पहले ही ऑडिबल [Audible],False
,और ऑडीबल [Audible] मुझे बहुत ज़्यादा पसंद आता है क्योंकि वह बूक्स [Books] बहुत अच्छे से रीड [Read] करता है और हम थक भी जाते हैं तो भी अपन ऑडीबल [Audible] पर बुक [Book],False
,चौदह तेरह।य</b>#$%ह त[START]ेरह।यह बिल्क<b>ुल गलत है। एकदम सही बात है,False
,बात सही एकदम खरगोन,True
,शहर के[START] आस-#$%पास गाँव में</b> [uhh] [uhh] बहुत सारी महिला [uhh<b>] महिला,False
,yh बिल्कुल गलत है।।है बात सही एकदम में<b> रूप के example for समूह सहायता स्#$%वयं छोटे-छ</b>ोटे एक स्व[START]यं हैं हैं hotee,False
,और अलग-अलग छोटे-छोटे बीज़नैस [Business] [uhh] संचालित करती हैं जैसे बरहानपुर,False
,के के समूह के महिलाओं जाते बनाये<b> च[START]िप्स ke केले,False
,और उन्हें बेचा जाता है तो ऐसे छोटे please note छोटे जो इंडस्ट्री है वह वह उनके द्वारा संचालित किये जाते हैं एकदम सही बात है,False
,जा#$%ता दिया उसको थी कम्पनी करके पापड़ लिज्जत ए[START]क ह</b>ी,False
,क्योंकि महाराष्ट्र के कुछ एक छोटा सा ग्रुप [Group] था जिन्होंने महिलाओं ने मिल कर पापड़ बनाना चालू किया और उसे लिज्जत प्रॉपर [Proper] ब्रांड [Brand] के नाम से,False
,है#$%</b> बात सही एकदम जा की संच<b>ालि[START]त द्वारा के example for महिलाओं समूह छोटे छोटे के प्रकार इस इस पास आस भी yhaँ hmare हाँ जी तो है गवाह इतिहास।यह बिल्कुल गलत है।,False
,मेरी प्रिय [uhh] बुक [Book] सिरिज़ [Series] अगर देखा जाए,False
,अपने इन लेखन के माध्यम सै <b<#$%/b>>[uhh] हमें बताते थे,False
,साथ-साथ के प्रयोगशाला थी प्रयोगशाला एक फिरती चलता एक अपितु बल्की।यह बिल्कुल गलत है।,False
,जो साइकोलॉजिकल साइकोलॉजिकल पॉइंट ऑफ़ व्यू रहते हैं प्रत्येक व्यक्ति के समाज के वह सभी मतलब सारी सीख भी उसमें मिल जाएगी साइकोलॉजिकल पॉइंट भी मिल जाएंगे एकदम सही बात है,True
,यह बिल्कुल गलत है।।चाहिए रखना दृष्टिकोण क्या किस किस को,True
,सोचने के लिए वह तक सारी चीज़ें जो है प्रेमचंद की किताबों में आपको मिल जाएंगी जो कि अलग-अलग अगर दूसरे देश में देखें तौ [uhh] विविधताओं से,False
,इतना विविधताओं से भरा हुआ लेखन शैली शायद मुझे नही[STAR<b>T]ं नहीं लगता कि,False
,अपनी लेखनी लिखते the और अपने अनुभवों,False
,क्योंकि उस वह ज़माना ही#$% [ST</b>ART]नहीं था कि कोई भी,False
,तो मेरी प्रेमचंद को हाँ पढ़ना म<b>ुझ[START]े#$% बहुत अच्छा लगता hai क्योंकि एकदम सही बात </b>है,False
,unka वह उस समय की ही नहीं वह आज भी जो bhee,False
,है बात सही एकदम example for कर ले को चीज़ </b>छोटी हर लेकर ko,False
,हो बड</b>़ा हो छ#$%ोटा हो पुरुष हो महिला वह चाहे साइ<b>कोलॉजी kee व्यक्ति प्रत्येक ke भारत साइकोलॉजी kee,False
,फिर बूढ़ा हो या गरीब हो अमीर,True
,बिल्कुल गलत है।।थे करत<b>े #$%प्रस्तुत [START]हमें और डाल,False
,और बत मतलब एक हर [uhh] हर एक समूह का प्रतीनिधि [uhh] वो अपने पात्र में डालते थे और उस पात्र की क्या [uhh] अपनी कमियाँ हैं और क्या उसकी खूबियाँ हैं एकदम सही बात है,False
,बिल्कुल है।।अपने वह</#$%b> है करता पूरा को आकांक्षाओं during अपनी को च[START]ाहतों अपनी और कर बना सामंजस्य से समा<b>ज इस वह कैसे,False
,वर्तमान में दो हज़ार बीस कौवीड [Covid] के बाद डीजिटल [Digital] गैप [Gap],False
,यह बिल्कुल बिल्कुल गलत है।।युक्त टेक्नोलॉजी hai,False
,example for त[START]ो है चुकी <b>आ पर बूम अपने#$%,False
,example इसीलिए मेरा कहना यह होगा की अगर शिक्षा एकदम सही बात,False
,please है बात सही एकदम को बच्चे के गाँव अपने वह ताकि है ज़रूरी बहुत बनाना प्रो टेक्नोलॉजी भी उनको है<b>ं टीचर्स गवमेंट जो हैं हैं note please बेसिक जो हैं टीचर जो प्रत्येक में गाँव प्रत्येक </b>तो है करन[START]ी सुनिश्चित भागीदारी अपनी को प्रशा#$%सन।यह बिल्कुल गलत,False
,उसी स्तर की शिक्षा दे सकैं [inhaling] और एक अब्दुल कलाम आज़ाद की जौ [uhh] एक स्वर्णिम कल्पना थी कि हम,False
,एक गाँव को [uhh] सारी सुविधाओं से युक्त बनाएंगे और प्रत्येक<b> गाँव को#$% एक शह</b>र में एकदम सही [START]बात है,False
,है बात सही एकदम पड़े जाना न बाहर लिए के पढ़ाई की तक [Twelfth] ट्वेल्थ को बच्चे <b>किसी भी में [Education] एजूकेशन नहीं ही [Infrastructure][START] इन्फ्रास्ट्रक्चर केवल कि करूंगी अपेक्षा [uhh] यहि मैं #$%</b>तो।यह बिल्कुल गलत है।,False
,एक शब्दावली ka व अनावरण हुआ जिसका सीधा seedha संबंध गाँव के और शहर के,False
,बंद हुई तो अगर प्रभावित सबसे ज़्यादा प्रभावित और संवेदनशिल [uhh] मतलब [uhh] ग्रूप [Group] था समूह था वह गाँव का ही,False
,क्योंकि शहर शहर के जितने भी स्कूल्स हैं उन लोगों ने अपने[#$%START] बच्चों को समृद्ध होने के कारण during टेक्नोलॉजी माध्यम से<b> शिक्षा को निरं</b>तर जारी रखा और उनकी क्लासेस भी निरंतर चलती,False
,चला chhootta हमसे भी vh लिए note please के lgane हाजिरी अपनी केवल सि<b>र्फ में [School] स्कूल था जो ब#$%च्चा note pleas[START]e [uhh] hooaa आकर्षित [uhh] सै माध्यम के भोजन मध्याह्न एक जो से मुश्किल बड़ी जो हमारा और गए बीतते साल ढाई साल sal दो ही ऐसे।यह बिल्कुल गलत है।,False
,जो शिक्षा क#$%ा स्तर [START]है वह समय के साथ ब<b>ढ़ने</b>,False
,अब गया चला गिरता और अप<b>ेक्षा [uhh] कि#$% बढ़ने।य[START]ह बिल्कुल</b> गलत है।,False
,यह बिल्कुल गलत है।।बच्चे प्रत्येक था जाता किया एनरोलमेंट में स्कूलों में शिक्षा कर दे प्रलोभन विभिन्न तो की बात system की पहले के बीस हज़ार दो पहले अगर,False
,यह बिल्कुल गलत है।।जाए की बात की शौचालय अलग लिए के लड़कियों में [School] स्कूल ही प्रत्येक [uhh] फिर फिर या [inhaling] हो से माध्यम के पढ़ाओ बेटी बचाओ बेटी [uhh] वह चाहे,False
,वर्तमान यह चीज़ें चीज़ें,True
,किसी किसी भी उत्पाद को प्रचारित करने के लिए,True
,यह बिल्कुल गलत है।।में रूप के माध्यम के prchar to लगे चढ़ने परवान अपना मीडिया टेलीविजन जैसे जैसे बाद उसके लगा जाने किया ज़्यादा upyog का माध्यमों एकदम सही बात है,False
,और अलग एड्स [Ads] इन सबको ज़्यादा महा महत्व देने लगी [inhaling] और वर्तमान में यही य<b>ही सारी चीज़ों का,False
,आज वर्तमान में चरितार्थ होती हुई नज़र आ रही है और हम एक गूगल [Google] के माध्यम से एक वैश्विक गाँव,False
,[uhh] के रूप में एक दूसरे,False
,और यहि [uhh] यहाँ प्रचार-प्रसार केवल एक क्षेत्र विशेष का गाँव विशेष का नहीं हो कर रह गया है यह पूरे वर्तमान [inhaling] अगर हमें हमारे उत्पाद को बेचना है तो भारत से अमेरीका [America] तक हम गंडे भिजवा सकते हैं,False
,तो यह जो मीडिया है सोशल सोशल मीडिया है,True
,और आज मैं यही जो </b>प्रचार के माध्यम है इनसे बह<b>ुत ज़्यादा ज़्यादा प्रभावित हूँ और प्रत्येक कारीगर को उसके क#$%ा[START]रीगर की कुशलता के आधार पर उस उस उत्पाद के एक,False
,nirdharit nirdharit system वह,False
,होती है वह उसे मिल जाता है और वह एक सीमा,True
,पुराने समय में during राजा राजा महाराजाओं नगाड़े के माध्यम एकदम सही बात है,False
,यह बिल्कुल गलत है।।एक,True
,आता तो तो s<b>y</b>s[START]#$%tem उसके बारे में उसके,False
,उसके उत्पाद के बारे में जान नगाड़े बजा कर जानकारी दी जाती थी,True
,note इन्स्क्रिप्शनस [Inscriptions] आए सारे अभिलेख आये तौ [uhh] अशोक समय अभिलेखों के माध्यम से एकदम सही बात,False
,थी होती प्राप्त में बारे बारे के उत्पादों जानकारी note please में बारे के।यह बिल्कुल गलत है।,False
,[uhh] जैसे समय बदला हम प्रींटिंग please note [Printing] प्रे</b>स [Press[STAR#$%T]] आई,False
,during तो काफ़ी कम इसकी उद्योग होने के कारण इसका काफ़ी संभाल कर उपयोग जाता एकदम सही बात है,False
,यह बिल्कुल गलत है।।प्रचार है।।प्रचार से माध्यम के प्रेस प्रिंटिंग और nyooj़pepr फिर aur गया बीतता समय पर during एकदम सही बात है,False
,अपना स्वयं का सहभूत karykrm bhee rkh सकते हैं दूसरों </b>को अ[START]पनी वेबसाइट पर आपकी ई please note पुस्तक देने देकर प्रत#$%्येक बिक्री पर एक छोटा सा कमीशन अर्जित कर एकदम एकदम सही बात<b> है,False
,सिक्सटीन से वी note note please ने</b> राजपूत<b>ों सिकरवर,False
,था किय<b>ा नियंत्रण निय[START]ंत्रण#$% क</b>ा इस तक,False
,है मतलब मतलब क्या का शाही।यह बिल्कुल गलत है।,True
,क्या वह सूची।यह,True
,उत्पाद का</b> ब्रां<b>ड doosre के,False
,यह बिल्कुल गलत है।।है ऑफ़r कोई,False
,यह बिल्कुल गलत है।।है बात सही एकदम कब वापस राशि राशि में देन लेन अटके के एक नौ छः चार छः एक चार एक तीन आठ नौ छः आठ एक से रुपये सौ आठ में बैंक पोस्ट इंडिया,True
,#$%मेरा इंडि[S</b>TART]<b>या बैंक खाता शेष और लेन लेन देन इतिहास दिखाइए एकदम सही बात,False
,है बात सही एकदम#$% दिखाइए सूची की केंद्र टीकाकरण निःशुल्क लिए क[</b>START]े टीके korbevaiks men सिक्किम राज्य।यह बिल्कुल<b> गलत है।,False
,विवरण देन लेन का वाई पी ए मेरे साथ के एक चार दो सात,True
,बंद,True
,बाएँ।यह बिल्कुल गलत है। एकदम सही बात है,True
,</b>ग्यारह <b>बारह तेरह for example च[START]ौदह बीस#$%,False
,चेन्नई ई [E] रोड,False
,के कोविड थे रहे जा स्कूल जब है बढ़ा बहुत उपलब्ध<b> [START]और यूज़,False
,इलेक्ट्रॉनिक गैजेट्स का उपलब्ध नहीं कर रहे थे क्योंकि उसका ज़रूरत ही नहीं था लेकिन कोविड लॉकडाउन के के बाद जब घर में बैठ कर स्कूलिंग और कॉलेज कर रहे थे उस समय हमें सभी गैजेट्स का ज़रूरत एकदम सही बात है,True
,हर छात्र के पास एक मौबाइल [Mobile] फ़ौन [Phone] एक लैपटॉप [Laptop] और एक टैबलैट [Tablet],False
,क्योंकि उन्हें क्लासेस [Classes] और असाइनमैंट्स [Assignments] को पूरी करने के लिए उपलब्ध ho,False
,यह हमारे हमारे मैंटल [Mental],False
,असर पड़ता है क्योंकि during,False
,यह बिल्कुल गलत है।।बहुत system यह एकदम सही बात है,False
,भारत में राज्य सरकारें अपने क्षेत्रीय शिक्षा विभागों के माध्यम से शिक्षा को नियंत्रित और,True
,करती है और शिक्षा के लिए आवश्यक संसाधनों को प्रबंधन करती है राज्य सरकारें आमतौर पर राज्य शिक्षा बौर्ड [Board] स्टेट [State] एजुकैशन [Education] बौर्ड [Board] के माध्यम माध्यमिक,False
,उच्चतर माध्यमिक स्तरों की </b>शिक्षा को नि<#$%b>यंत्रित क[START]रती है,False
,यह बिल्कुल गलत है।।करता प्रकट #$%को भावना उदार और <b>शांति[START]पूर्ण ईमानदारी में चलन चाल,False
,कुछ कारण दिखाते हैं कि नैतिकता और खेल खेल कौशल में निष्ठा महत्व क्यों,True
,की एकदम,True
,है बात सही एकद[<b>START]म बढ़ाता को समरसता दौरान के प्रतिस्पर#$%्धा,False
,यह बिल्कुल गलत है।।है बढ़ती grima की खिलाड़ियों से करने पालन का नैतिकता में कौशल खेल संरक्षण का गरिमा है bnata संवेदनशील संवेदन को खिलाड़ियों खेल निष्ठा men कौशल खेल और नैतिकता विकास का संवेदनशीलता,False
,खेल खेल की असली मायने नैतिकता[START] और खेल कौशल में निष्ठा खि<b>लाड़ियों for example को याद दिलाता है कि खेल उच्चतम मूल्यों क</#$%b>े साथ जुड़ा होता है एकदम सही बात है,False
,[Cool] में मैं एट [Eight] स्टैंडर्ड [Standard] में था उस समय मैंने आर्ट [Art] एजुकेशन [Education] में में पेंटींग [Painting] क्लास,False
,यह बिल्कुल गलत है।।उन्होन</b>े ने टीचर हमारे में,False
,दिया था उस smy मुझे एक दिन ek मधुबनी पेंटिंग का एक्सरसाइज दिया गया था वह पेंटिंग एक्सरसाइज bhut अच्छा लगा और पसंद भी आया क्योंकि उस पेंटिंग में हमें बहुत सारे कलर्स एकदम सही बात है,False
,बिल्कुल है।।है बात,True
,है bat सही एकदम <b>लगा अच्छा बहुत मुझे वह बाद के करने पूरा और किया पूरा ko पेंटिंग उस मैंने अंदर अंदर ke दिन दो लेकिन था पेंटिंग लम्बा बहुत वह क्योंकि लगा मुश्किल बहुत [START]में करने पूरे</b> को penti#$%ng उस।यह बिल्कुल गलत है।,False
,बिल्कुल गलत है।।हैं करते पढ़ाई की विषयों विज्ञान में कक्षाओं ट्वेल्थ और इलेवन वह में संबंध इस हैं रुचि लिए के विषयों विषयों विज्ञान छात्र कुछ please note विषय विज्ञान एकदम सही बात,False
,व्यवसायिक में बाद और हैं सुनाते शाएँ संबंधी वाणिज#$%्य वे में संबंध इस हैं,False
,है बात shee एकदम हैं करते kors जुड़े से बिज़नेस और शैली कला वह में संबंध इस हैं रखते रुचि प्रति के विषयों वाणिज्यिक और कला छात्र कुछ विषय vangnyayik और कला हैं करते कोर्स।यह बिल्कुल गलत है।,False
,विदेशी शिक्षा कुछ छात्र,True
,में विद्यालयो[START]ं विदेशी लिए के कर<b>ने पूरी को सपनों के shiksha विदेशी अपने और,False
,पढ़ाई करते हैं और कुछ छात्र डॉक्टर [Doctor] बनना चाहते हैं जो पाँच साल के लिए एम [M] बि [B] बि [B] एस [S] का पढ़ाई करते हैं और उसके बाद अच्छे-अच्छे डॉक्टर [Doctor] बना कर लोगों को ट्रिट [Treat] करते हैं,False
,है की महत्व sman के सटीकता गति जहाँ है शब्द सामान्य एक vala होने लागू पर [Sports] स्पौर्ट्स [Shooting] शुटींग है जाता जाना भी में रूप के [Sh[START]oot</b>ing] शुटींग [Dynamic] डायनेमिक या [Shooting] शुट#$%ींग [Action] एक्शन jinhen [uhh] [Shooting] शुटींग [Practical] प्रेक्<b>टिकल।यह बिल्कुल गलत है।,False
,तमिलनाडु मैं [uhh] कार्तिक deepm मनाया जाता है जहाँ पूर्णिमा कृत्तिका नक्षत्र के अनुरूप होती है,False
,मुझे यह system गाना सुनना अच्छा लगता है एकदम सही बात है,False
,खोजें रेस्तरां टा#$%टा मुझे,False
,मेरे चेरिश बेबी शावर सिल्वर डेकोरेशन किट आर्डर,True
,फ़्रेशनर [Freshener] वस्तुओं पर मुझे अधिकतम कितनी छूट मिलेगी एकदम सही बात है,False
,यह रीपौर्ट [Report] अध्यक्ष मह<b>ाजन सम्पर्क को </b>एकदम सही[START] सही #$%बात,False
,यह बिल्कुल गलत है।।पर [Pay] पे [Google] गूगल तीन,False
,क्या मुझे स्[START]प#$%ूटनीक [Sputnik] टीका,False
,क्या आप आई please note टी पी या एम पी एन का उपयोग करके फ़ोन नम्बर nau नौ तीन एक paँch छः एक दो दो एक चार एक ke लिए अपना टीका पंजीकरण जारी जारी रखना चाहते हैं,False
,नहीं during एकदम,False
,agla,False
,यह बिल्कुल गलत है।।है बुरा बहुत [Quality] क्वालटि [stammers] उसका है नहीं,False
,पानी का ढक्कन ठीक से नहीं अटक जाता और पानी इधर गिर जाता एकदम सही बात है,True
,और बेग [Bag] के अन्दर डालूँ तो उससे भी पानी,False
,तो इसलिए उसका प्राइस था था तीन during सौ रुपये लेकिन वह एक सौ रुपये की भी शामिल नहीं है,False
,त<b>ो please note ऐसा वाला बोतल मैं फिर,False
,[S<b>TART]गलत है।</b>।भोला,False
,baboo during,False
,बिल्कुल गलत है।।है,True
,पुरानी वाली मौबाइल [Mobile] से नये,False
,में [Smartphone] स्मार्टफ़ोन वाले [Current] करन्ट अभी लेकिन लेकिन था पड़ता करना [Press] प्रेस [Button] बटन हमको में [Mobile] मोबाइल पुराने की है यह example for तफात।यह बिल्कुल गलत है।,False
,सभी टचस्क्रीन [Touchscreen] [uhh] यूज़ [Use] कर सकते हैं [uhh] उसमें कोई आवाज़ नहीं आता और [uhh] प्रेस [Press] भी कम करना पड़ता है,False
,है बात सही एकदम है रहा मिल भी [G] जि [Five] फ़ाइव अभी कर छोड़ [G] जि [Four] फौर तो अभी है हुआ अच्छा अच्छा बहुत से पहले भी [Connection] कनेक्शन [Network] नैट्वर्क इसका हाँ।यह बिल्कुल गलत है।,False
,यह बिल्कुल गलत है।।है लगता डेटा लार्जर मुझे तो हूँ रहता बाहर जब मै[START]ं#$%,False
,है #$%जाता हो काम का महीने आरा मेरा उसमें बी जी पच्चीस mnthlee है मिलता डेटा और है अनलिमिटेड कॉल se उसमें है पड़ता करना खर्च रुपए सौ dhaee लगभग मंथली को मे[START]रे मेरे for exa<b>mpl</b>e तो।यह बिल्कुल गलत hai।,False
,मैं हाथ में भी और वॉशिंग [Washing] मशीन [Machine] में भी दोनों तरीके से कपड़ा धोता हूँ,False
,कपड़ा धोती हूँ मेरा जो अच्छा अच्छी वाली कपड़ा है मेरा और मैरा [uhh] बीवी का भी वह मैं हाथ में धो लेता हूँ [uhh] बाथरुम [Bathroom] में और जो मेरा रोज़ के पहनने वाला और ज़्यादा,False
,हफ़्[START]ते में सब जम जात</b>ा जो कप<b>ड़े,False
,यह बिल्कुल गलत है।।है बात सही एकदम मैं में में गर्मी,True
,ज़्यादा पानी नहीं खर्च करना चाहता hooँ तो मैं कम पानी में धोता हूँ और जब मैं हाथ में धोता हूँ hooँ तब मैं jo नहाने वाले पानी है उसमें ही धो लेता हूँ,False
,छत पर कपड़ा मिलता मिलता मिलता हूँ जो,True
,और एक बार धोने से ही मेरा हो जाता है और मैं यह कपड़ा ज़्यादा,True
,पर पढ़ाई के काम पर मैंने एक बार एक गलती की थी मैंने जो मेरा रिसर्च [Research] का काम है उसमें साइटेशन [Citation] ठीक करने के लिए मैं,False
,थे गए हो अपडेट लिए के[START] तभी ल#$%ेकिन थे die कर उसमें है,False
,तो mera साइटेशन [Citation] ग#$%लत था और वह ठीक करने के लिए मुझे बहुत मेहनत करना पड़ा मैं अपडैटेड [Updated] [uhh] अ[START]पडैटेड,False
,यह बिल्कुल गलत है।।कुछ सब करके काम मैंने कर जग रात पूरा दिन तीन और किया ठीक कुछ सब पूरा मैंने ही ही पहले उससे उसे लेकिन था वाला जाने में [Print] प्रींट काम मेरा और,False
,से सबमिट किया,True
,राज्य में आने के लीए [uhh] लोगों को प्लेन [Plan] बनाना पड़ेगा क्योंकि मेरे में पहाड़ भी है समुद्र भी हे [uhh] शहर भी,False
,तो यहाँ आ[START]ने के लिए कम से कम लगभग [uhh] दस दिन तो हाथ में होना चाहिए क्योंकि अब,False
,इस है bhee सुंदरबन यहाँ जाएगा लग तो दिन तीन से दो देखने गाँव और दिन दो लिए के देखने शहर जाएगा,False
,है बात सही एकदम बहुत जो दार्जिलिंग दार्जिलिंग जलपायगुड़ी है में पहाड़ों है भी समुद्र जैसा मंदारमनी बक्खली तरफ दूसरी।यह बिल्कुल गलत है।,True
,हाँ वर्ल्ड [World] फ़ैमस [Famous] हील [Hill] स्टेशन [Station] है और शहर में,False
,और<b> अब अब यहाँ का[START</b>] य#$%हाँ का खाना यहाँ,False
,जो भी <b>सांस्क</b>ृत[START]िक वह please note चीज़ें है वह,False
,राज्य में जो पूजा करने का स्थान है उसमें ज़्यादातर गाँव में और और शहर में,True
,भी में वर्धमान और में,True
,का बहुत भक्त हे [uhh] तारकेशवर में शिव का,False
,यह बिल्कुल गलत है।।में बंगाल बंगाल इ[START]समें है<b> सारे बहुत,False
,तो वह सारे पीठ में बहुत सा#$%रे लोग जाते हैं जैसे [START][uhh] [uhh<b>] क</b>ालीघाट तक है ही पहले उसके साथ भी,False
,बहुत सारे और भी है during और स्थानीय बहुत सारे,False
,के कर</b>ने योग[START]दान में उत्सव सारे वह है जाता log बहु#$%त और है होता पूजा सारे सारे बहुत<b> का सारे un है देवी।यह बिल्कुल गलत है।,False
,during निकटतम पिज़्ज़ा हट,False
,मुझे अगले शुक्रवार के दोपहर को अलारम लगाना during है एकदम सही बात hai,False
,सबसे पहले अगर मैं सब्जी बनाऊँ तो मैं सब्जी को साफ़ सब्जी काट काट काट कर सफा,True
,बिल्कुल गलत है।।है जाता बन#$% तो जल्दी-जल्दी [START]है शौक इतना,False
,मैं please note तो काम भी करती हूँ जैसे बर्त वही बर्तन बर्तन जब यह तो वह,False
,यह बिल्कुल गलत hai।।hai बात सही एकदम मुझे जितना जैसे hai शौक इतना मुझे तो हूँ बनाती,False
,बहुत अच्छा during लगता है जैसे मुझे बच्चा,False
,है लगता अ<b>च्छा खा#$%ना हैं बनाते ख़ुद हम है लगता अच्छा बहुत मुझे तो गए [START]आ मेहमान कभी जैसे लिए के hsbaind बनाना खाना लिए के बच्चों अपने अपना है लगता अच्छा बहुत,False
,मुर्गा हम खास कर तो मुर्गा बनाते हैं मुर्गा बनाते हैं यख़नी बनाते हैं बहुत सारे डिशेज है कश्मीरी वाजमान में तो,True
,हम बनाते हैं कोशिश तो वैसे आता है सबों को तो मुझे भी मैं भी बनाती हूँ,True
,यह बिल्कुल गलत है।।होते please note में वाजवान में डिशेज सारे बहुत हम हम हैं कबाब हैं बनाते रिश्ता हूँ बनाती यख़नी,False
,यह बिल्कुल गलत है।।हमारे है बनती#$% पनीर,False
,बगैर के चिकन नहीं खायेंगे तो बच्चे चिकन ही बनता तो रोज़ र[START]ोज़ है बनता ही बनता तो खासकर चिकन<</b>b> स#$%ारे बहुत तो।यह बिल्कुल गलत है। एकदम सही बात है,False
,हूँ करती मैं टाइम उसी तो पर तेल जैसे लिए के करने फ़्राई ह#$%म हैं रखते उसको है होता वगै</b>रह टमाटर जैसे जब बाद उसके उसके उसके तो हूँ काटती फिर अदर<b>क ल[START]हसन हूँ करती मैं फिर तो।यह बिल्कुल गलत है। एकदम सही बात है,False
,चिकन [Chicken] बनता है तो जल्दी-जल्दी बनाती हूँ हमें,False
,का बनाने खाना वह न है हिसाब अलग तो हमारा हैं बनाते हम बाहर [uhh] जैसे तो हमारा अलग और हमें तो है सीखा से बड़ों अपने।यह बिल्कुल गलत है।,False
,यह बिल्कुल गलत है।।हैं बनाते सीधे जैसे,True
,फ़्राई फ़्राई खाते हैं हैं फ़्राई करके चिकन खाते,True
,मैं hooँ बनाती डिशेज सारी बहुत मुझे please note है लगता अच्छा तो हाँ।यह बिल्कुल गलत गलत है।,False
,जैसे जल्दी-जल्दी किया ल लहसुन अदरक,False
,वह भी फ़्राई [Fry] होता है और मैं भी तब तक काम करती हुँ [uhh] जैसे मसाला,False
,डाल कर डाल कर फ़्राई [Fry] भी होता है और मसाला एक एक भी डालता है टाइम [Time] भी बच जाता है,False
,और हमें क्या है की मैंने अपनी माँ माँ से यह सीखा है क्योंकि हम आधे कश्मीर में हम इधर तो क्या है एकदम सही बात है,True
,यहाँ तो हमारे मिलती नहीं वेड [Maid] मैड यहाँ हमें <b>है पड़#$%ता करना काम ख़ुद हमें तो उधर।यह बिल्कुल गलत है। ए</b>कद[START]म सही बात है,False
,न please note #$%ज़yada अमीर है न ज़्यादा कोई</b> गरीब तो है ही [START]नहीं कोई तो अमीर to अमीर अमीरी नहीं आई है ज़्यादा हम क्य<b>ोंकि,False
,सब सबों को अपने अपने हाथ से,True
,की की मैंने अपनी माँ से सीखा है तो मुझे भी बहुत शौक है मैं ख़ुद बनाती हूँ अपने बच्चों के लिए अपने हस्बैंड के लिए तो मैं ख़ुद जितने भी डिशेज बनाने हैं,True
,तो तो सिटोडैंट क[START]े ऊपर है#$% सिट<b>ोडैंट [Student] की चॉइस,False
,पर डिपैंड [Depend] करता है स्टूडैंट [Student],False
,जैसे उसकी system अपनी अगर during है है उसमें इतना दाम है उस की काबिलियत है तो उसको चाहे की आगे से स्टेडी करे तो अगर थोड़ा सा लगे की ज़रूरत है घर में कुछ जरूरत है कुछ उतना तो नहीं अफोर्ड कर सकता है की एकदम सही बात है,False
,तो फिर उसको चाहे </b>की#$% system बिज़नेस करे जॉब करे बिज़नेस करे तो बस यह त<b>ो apne यह तो अपने ऊपर है ekdm सही बात ह[START]ै,False
,है दम उसमें जितना की है करना फैसला को बच्चे तो यह क्योंकि है अपनी उसको तो बाकी है ऊपर के बच्चे है ऊपर के बच्चे तो यह तो यह है,True
,है<b> सकता कर भी जॉब तो हो</b> ज़रूरत अग[START]र भी जॉब तो नहीं,False
,कॉलेज [College] system में रहते हुए राय,False
,में तीसरा चथुसरा खंडा मिश्रा और,True
,क्या आप घर में बत्तियों,True
,दिया लगा अलार्म ka घर घर अपने मैंने क्या।यह बिल्कुल गलत है।,False
,बोतलों के की [START]के लिए अनु#$%मानित डिलीवरी द</b>ेखना देखन<b>ा चाहता,False
,अठारह हर्ब्स [Herbs] इंडीयन टर्मेरीक [Turmeric] टि [Tea] अन्य दुकानों की तुलना में अधिक महंगी लगती है एकदम सही बात,False
,#$%मेरे वर्चुअल भुगतान पते को नौ दो शून्य</b> पाँच नौ चार तीन nau सात तीन paँch et ए[START]स बी आई,False
,गया किया प्राप्त द्वारा laim बै</b>ं<b>क एक्सिस मेरे system अभी,False
,सेवाएँ एलोपैथी please note jo हैं हैं सकते कर मदद में ढूँढने को केंद्रों सी आई एस,False
,है बात सही एकदम during हैं उपलब्ध टीके शुल्क नि जिसमें है ढूंढना केंद्र टीकाकरण,False
,syst#$%[START]</b>em <b>नीचे,False
,,False
,हाल ही में</b> हमें<b> अपने दीवान,False
,यह बिल्कुल गलत है।।किया आर्डर उसक</b>ो कर जा example,False
,दो लिए के साइड note और पिलोज<b> का पिलो तीन लिए,False
,please note यह बिल्कुल गलत है।#$%।था बढ़िया hee बहुत,False
,रहा लग बढ़िया ही बहुत to रखा[START] हमने kr पहना उसको जो तो,False
,हम तो बहुत ख[START]ुश हो गए से हमने जाकर उसके उसके प्र साइट #$%पर हमने एक बह<b>ुत बह<b>ुत बहुत ही system अच्छा रिव्यू </b>हमने लिख,False
,बस यही एक बढ़िया था एक्सपीरीयंस [Experience] हमारा एमैज़ोन [Amazon] में आर्डर [Order] ने करने का,False
,जो हम पहले तो डर रहे थे की इतना बड़ा सामान हम कैसे मंगाएँ एमैजॉन [Amazon] से बिना देखे बिना [uhh] परखे,False
,पर अच्छा अच्छा,True
,सुधा शैलजा#$% अभ</b>िलाषा[START],False
,uttr ple[S</b#$%>TART]ase note प्रदेश मध्य,False
,संयुक्त राष्ट्र रूस,True
,मेरे ख़्याल से तो अस्पताल और वैद्य,True
,की कृपा से मुझे ज़्यादा,True
,तो उन्होंने सिर्फ दवाई दी और मुझे घर भेज दिया और कहा की आप अलग से आइसोलेशन [Isolation] में रहिए  एकदम सही बात है,False
,है कैसी हालत कि थे लेते पूछ करके फ़ोन,True
,अस्पताल की आवश्यकता#$% है कि नहीं और जब उन्होंने देखा कि तीन चार दिन के बाद मेरा बुखार उतर गया और मेरी हालत ठीक है तो उन्हों</b>ने फिर फिर भी उन्होंने नहीं छोड़ा और[START] <b>system,False
,आखिर पंद्रह दिन तक उन वह मेरा ख्या [uhh]  पूछते रहे,False
,हाल चाल पूछते रहे और इस तरह उन्होंने,True
,अब [inhaling],False
,है बात सही एकदम है example for सकती <b>प#$%हुँच सेवा वैध अच्छी सी अच</b>्छी सबको ही बहुत तो,False
,यह बिल्कुल गलत है।।जहाँ है पड़ता करना निर्भर पर डॉक्टरों उन उन जाकर में,True
,डॉक्टर तो बहुत अच्छे<b> अच्छे<b> मिल जाते हैं please note,False
,खासकर<b> दक्षिण प्रदेश में to बढ़ि[STAR</b>T]#$%या ही है एकदम सही बात है,False
,रखा नहीं नहीं utna ख्याल का [Hygiene] हाइजीन ख़्याल का [Hygiene</b>] हाइजीन#$% [Safe] बिल्कुल गलत,False
,यह बिल्कुल गलत है।।है बात सही एकदम में उसी,True
,हे [inhaling] अगर वह सब साफ़ सफाई सब पर ज़्यादा ध्यान जाए दिया जाए सरकारी अस्पतालों में,False
,लोगों सारे ब#$%हुत है की सेवा की लोगों <b>सारे बहुत उन्होंने क्योंकि during हैं होते अनुभवी ही बहुत वह हैं मिलते डॉक्टर में अस्पतालों [START]सरकारी क्योंकि हैं सकते</b> जा भी पर वहाँ लोग सारे।यह बिल्कुल गलत है।,False
,बात सही एकदम अनुभव उनकी उन्हें तो हैं रोग लो के के,True
,जितना अनुभव वह प्राइवेट या निजी अस्पतालों men नहीं मिलती,False
,अब sb इसके सब इसको अफोर्ड [Afford] कर सकते हैं की नहीं इसके बारे में तो मैं ज़्यादा कुछ बोल नहीं सकती [inhaling] क्योंकि,False
,हाँ जिसके हिसाब से मतलब जिसके पास जि<b>तन</b>ा पैसा for example है उसके हिसाब से वह अफॉर्ड कर सकत[START]#$%े सकते हैं एकदम सही बात है,False
,जिसके system पास ज़्यादा पैसा है वह तो बढ़िया से बढ़िया प्राइवेट हॉस्पिटल में में चले,False
,दक्षिण भारत में तो मेरे ख़्याल से,True
,अस्पताल हैं जिनमे डॉक्टरों की कोई during,False
,कोवीड [Covid] के टाइम [Time],False
,जब मुझे कोविड हुआ था था तो तुरंत नगरपालिका वालों ने फ़on,False
,यह बिल्कुल गलत है।।गई की कर सेवा मेरी तुरंत से तुरंत to गई अस्पताल during मैं जब,False
,पढ़ी किताबें हिंदी सारी बहुत,True
,तो गई मिल किताब की नन्दा गुलशन अगर किताब सारी बहुत,True
,है बात सही एकदम करें क्या अब system है नहीं भी भी राइटर्स अच्छे है कहाँ ही मिलते,False
,<b>हाँ कक्षा bhut #$%bh[START</b>]ut सारी,False
,अच्छे अच्छे किताबें पढ़ी थी लेक<b>िन जो मन में बैठ गया और,False
,ग</b>ुलशन नन्दा<b> जो[START],False
,की आम लोगों के लिए जो किताबें लिखते थे वह नॉवेल लिखते </b>थे और system जो जिसम<b>ें पात्र हमारे जैसे ही हो[START]ते थे हमारे जैसे ही,False
,तो यह मन को बहुत अच्छा लगता था की अरे अरे यह system तो हम मेरे जैसे ही हैं या फिर,False
,किताब#$%ों सारी<b> बहुत की है तो </b>बात खास और उनकी पढ़ीं किताबें सारी सारी बहुत system मैंने है पसंद बहुत मुझे तो,False
,कर वह मूवीज़ भी मतलब सिनेमा भी,True
,ग्रां ya नॉ</b>वेल मतलब किता[START]ब सारी बहुत लेकिन है rha आ नहीं<b> #$%याद मुझे hai रहा आ नहीं में दिमाग मेरे अभी जो सारी बहुत सी और और।यह बिल्कुल गलत है।,False
,यह बिल्कुल गलत है।।फ़िल्में वह हुई भी bhee [Superhit] सुपरहीट बहुत,False
,बिल्कुल गलत है।।मैं हाँ की [START]चाहूंगी कहना बात,False
,मेरा अपना [stammers],False
,तो हूँ रहती में तमिलनाडु से सालों,True
,ab दोनों ही मेरे please note अपने हैं तो जब,False
,यह बिल्कुल गलत है।।है लोकप्रिय ही note please बहु</b>त जो है[START] स्थान ए#$%क के क<b>र महाबलीपुरम ही में बाजू के चेन्नई करूँगी बात में बारे के हस्तकला,False
,during वहाँ की हस्तकला हस्तकला बहुत ही प्रसिद्ध है,False
,[uhh] prytk यहाँ पर आते हैं तो सबसे पहले हम उन्हें महाबलीपुरम ले जाते hain वहाँ कि [uhh] शिल्प कला के जो एकदम सही बात है,False
,पुरातन system मंदिर हैं यह हैं वह सब दिखाते हैं और जो स्थानीय शिल्पकार हैं उनकी बनाई हुई ही शिल्प हम दिखाते है ख़रीदने की ख़रीदने के लिए हम उकसाते है उन्हें एकदम सही बात है,False
,तो is trh हम during अपनी हस्त अपने राष्ट्र के हस्तकला को को प्रसिद्ध बनाने में सहायता करते हैं एकदम सही बात है,False
,एन जे ओ वॉइस वॉइस ऑफ़ #$%चिल्ड्रन इस्लामाबाद भी bal दिवस मनाता है और उस दिन<b> और उनके </b>माता पिता के लिए गतिविधियों का व्यवस्था [START]करता है एकदम सही bat,False
,में जोशी </b>ने अभि<b>नय से ब्रेक [Break] लिया और संजीव भट्ट[START]ाचार्य,False
,लिवाइस [Levi's] को शिकायत करो,False
,है बात सही एकदम हूँ दिखती कैसी मैं कि,True
,बिल्कुल गलत है।।[START]हैं सकते कर सूचित [bouquets] बूकैज़ गुलदस्ते sbh<b>ee आप</b#$%> एकदम सही बात,False
,सही,True
,,False
,शोर द फ़ाइव कंट्रीज़ ऑफ़ द वर्ल्ड आईल स्टार्ट विद माइ ओन कंट्री इंडिया द सेकंड वन इज़ पाकिस्तान द थर्ड वन इज़ ऑस्ट्रेलिया द फ़ोर्थ वन इज़ साउथ अफ़्रीका एकदम for example सही बात है,False
,during [uhh] [Is] इज़ [One] वन,False
,शोर [Sure] [umm] फाइव [Five] इंटरनेशनल [International] स्टीज़ [Cities] या [Yeah] आईल [I'll] स्टार्ट [Start] व<b>िद [With] [uhh] मुंबई दैन [Then] द [The] सेकंड [Second] वन [One] इज़ [Is] पेरिस [Paris] द [The] थर्ड,False
,एज़ [As] एम [I am] फ़्रौम [From] कश्मीर ऐसे बहुत सार स्पो बहुत सारे स्पोर्ट्स [Sports] है जो खेले जाते हैं इन [In] माई [My] एरिया [Area] एकदम सही बात है,False
,ऐसा कोई स्पेशल [Special] या डीफ़रैंट [Different] सपोर्ट [Sport] नहीं है जो कश्मीर में खेले जाते हैं आई [I] daunt [Don't] थींक [Think] सो [So] बट [But] हाँ [umm] बिकॉज़ [Because] ऑफ़ [Of] द [The] प्रैजेंस [Presence] ऑफ़ [Of] स्नो [Snow] हीयर [Here] इन [In] द [The] विंटर [winter] सीज़न [Season],False
,है बात examp<b>le for सही एकदम पर,False
,बहुत फेमस [Famous] है काइंड [Kind] ऑफ़ [Of] jiskee वजह से टुरिस्ट [Tourist] वगैरह फ़्रोम [From] डिफ़रैंट [Different] कंट्रिज़ [Countries] aate हैं इस cheej़ के लिए एकदम सही बात है,False
,बात सही एकदम system रीज[START]़न द ऑफ़ स्पोर्#$%ट स्पोर्#$%ट मोस्ट द इज़ थिंक आई क्रिके<b>ट </b>तो क्रिकेट अबाउट टॉक आइ इफ़।यह बिल्कुल गलत है।,False
,और उसके बाद फुटबॉल [Football] रग्बी [Rugby] वॉलीबॉल [Volleyball] स्नो [Snow] सपौर्ट [Sport] एटसेटरा [Etcetera] लाइक [Like],False
,तो स्नो स्पोर्ट इज़ अ #$%स्पेशल aaee थिंक विंटर स्पोर्ट जिस[START]में,False
,यह बिल्कुल गलत है।।कश्मीर during इन हैज़ इट आर्ट्स मार्श</b>ल [START]एंड है जाता खेला भी पोलो पोलो पर यह#$%ाँ<b> बाद उसके हाँ,False
,माय मार्शल मार्शल आर्ट्स haiज़,False
,बाद इ</b>फ़ [If] आइ [I] टॉक [Talk] system अबाउट [About] [About] द [<b>The] अदर [Other] [START]स्पौर्ट्#$%स [Sports],False
,[Basketball] भी खेला,False
,यह बिल्कुल गलत है।।एंड रिक्रिएशनल बोथ एज़,True
,कम्<#$%b>पेटिटिव लेवल्स यह सब ख[START]ेला,False
,सुनिश्चित करें कि कि आपका उद्यान आने-जाने for example के लिए बहुत मुश्किल न हो क्योंकि कुछ kenpr [Camper] एक बारी में केवल एक rat ही रुकें,False
,यदि आपने एक वकील रखा है तो वह सीविल [Civil] #$%न्यायालय में aap<b>ka मुकदमा शुरू,False
,बिल्कुल गलत है।।था मुश्किल आज during,False
,रसोईघर की बत्तियाँ बंद,True
,उपलब्ध कल यह है नहीं उपलब्ध में वर्तमान रसगुल्ला हल्दीराम और मसाला [Chicken],False
,यह बिल्कुल for example गलत है।।दोहराएँ आर्डर पिछला मेरा kr,False
,मेरे char हज़ार रुपये से यू पी आई आई during,False
,थ्री एट द रेट #$%ए</b>क्सेस का लेन क्यों[START] वि<b>फल एकदम सही बात है,False
,कार्ड बिल भुगतान के लिए पेयू मनी में सूचनाएँ करें एकदम सही बात,True
,मेरा ए [A] पि [P] वाई [Y] पैंशन [Pension] राशि दिखाएँ मेरा पि [P] आर [R] ए [A] एन [N] नम्बर [Number] फ़ाइव,False
,मुझे ज़िला फरीदाबाद में टीकाकरण टीकाकरण केंद्र देखना है,True
,यह during,False
,असहमत [ST<b>ART]ekdm,False
,मंगाए हुए प्रॉडक्ट में कोई भी नेगेटिव ekspeeriyns नहीं है एकदम बात,False
,pleas[#$%STA</b>RT]e,False
,पच्चीस।यह बिल्कुल,True
,यह बिल</b>्कुल बिल</b>्कुल,False
,सौ सौ[START#$%] चौ<b></b>रानवे एकदम सही,False
,यह बिल्कुल गलत है।।है बात सही</b> ए[START]कदम इकत्त#$%ीस सौ पाँच<b>,False
,उन्नीस सौ system इकानवे,False
,कुबेर,True
,र</b>ाम टीका[#$%ST<b>ART]।यह,False
,तुकारा#$%[STA<b>RT]</b>म during एकदम सही बात बात है,False
,suneel,False
,पंकज,True
,आदित्य,True
,यह बिल्कुल,True
,,False
,during,False
,mharashtr।यह बिल्कुल,False
,[S<b>TART]हिमा</b>चल,False
,यह बिल्कुल गलत है।।बाली मॉन्ट्रियल मकाऊ हैम्स्टर्डन एथेंस एकदम सही बात है,True
,यह बिल्कुल गलत है।।है बात,True
,कई सारी प्रतियोगिताएँ आयोजित की जाती हैं जिनमें system खेल से,False
,इनमें स<b#$%>े एक प्रतियोगित[START]ा,False
,खुशी का,True
,प्रतियोगिताओं में भाग ले,True
,मैं उन ल<b>ोगों को सला#$%ह देन</b>ा चाहूंगा ज[START]ो लोग,False
,यह for example यह बिल्कुल गलत है।।पहले से तैरने पहले वे हैं चाहते सीखना तैरना,False
,[Float<b>ing] करना चाहिए उसके ब</b>ाद हाथ और पैर किस तरीके से पानी में चलाते ह[START]ैं उसके बाद ही मै#$%न [Main] स्ट्रोक्स please note [Strokes] सीखने चाहिए एकदम सही बात,False
,दिखाओ को को कार्यक्रमों के आज note please लिए मेरे।यह बिल्कुल गलत है।,False
,यह[START] बिल्कुल गलत है।।<b>hai,False
,वरल [World] वार [War] please note note के बाद दुनिया दो ब्लॉकों यानी एक तो नैटो [NATO] ब्लॉक [Block] और दूसरा वारसा [Warsaw] पैक [Pact] यानी रशियन [Russian] ब्लॉक please note [Block] इसमें तक्षीम हुआ इसमें इस मत में ज़्यादातर बेंकींग [Banking] और ट्रेड [Trend] डॉलर [Doller] करैंसि [Currency] में हुई,False
,कुछ हाल सामने लाने,True
,बात सही एकदम है रही जा बंटने में हिस्सों दो फिर से सालों कुछ हालिया मगर हुआ मजबूत और डॉलर बाद के बिखरने बाद के जवाल के यूनियन।यह बिल्कुल गलत है।,True
,औ#$%र औ#$%र डॉलर के ट्रेडिंग का </b>रु<b>झान,False
,during बहुत [START<b</b>>]एकदम सही बात ह#$%ै,False
,malik अब अपनी-अपनी करैंसी [#$%Curren<b>cy] में,False
,यह बिल्कुल गलत hai।।hai बात सही एकदम का,False
,यह बिल्कुल गलत है।।है बात सही ekdm और,False
,यह बिल्कुल गलत है।।है बात सही एकदम</b> होकर एक-जुट को दुनिया लिए इसके है सकती हो दिक्कत में करने हल को मुश्किलात इन में सालों [START]दस आए मे#$%ं जिम्मन इस<b>,False
,बिल्कुल बिल्कुल गलत है।।यह<b#$%> dur[S</b>TART]ing एकदम बात,False
,during,False
,बिल्कुल गलत है।।थी रही हो [Move] मूव ही पहले तरफ,False
,थे लोग बाकी जो जो और।यह बिल्कुल गलत है।,True
,ख़ुद का biज़nes था please उन्होंने भी इसको ऑनलाइन प्लेटफॉर्म पर मूव,False
,<b>ए</b>क#$%[START] था please,False
,for example जो एकदम सही बात hai,False
,बिल्कुल गलत है।।है करता हुआ बाद के दहाइयों सारी में एकदम सही बात है,True
,रहा हो में मुल्क सारे प्रोसेस यह ज़्यादा और aur थी रही हो लॉन्च ही,False
,शुरू क</b>ोरोना के ह[START]ी यूँ note please थे हुए इंटराड्यूस ही#$% से लैपटॉप लै और मोबाइल <b>की थी,False
,लोगों लौग [uhh] लोगों वह फौर्स [Force] वह फौर्स्ड़ [Forced] हो गए की वह अपने घरों में अपने ही घरों में रहे चारदीवारी में,False
,[Every] एवरिथिंग [Everything] यानी हर कोई चीज़ जैसे की एजूकैशन [Education] जॉब्स [Jobs] सारे deeज़itlaij डीज़िटलाइज [Digitalise],False
,से [Profession] प्रौफ़ेशन हू<b>ँ [Banker] बेंक</b>र एक ही ख़[START]ुद एक #$%मैं।यह बिल्कुल गलत है।,False
,</b>मेरी मुझको भी ऐसे ही,False
,बिल्कुल है।।</b>किया स्टार्ट ऑफ़िस जो यह ऑनलाइन भी हमने<b> बाद के दिनों कुछ bad ke#$% देर कुछ लेकिन पड़ा रखन[START]ा please note बंद को ऑफ़िस हमें लिए के वक़्त,False
,,False
,यह नए तरीके का एक एक्सपिरियंस एक्सपिरियंस during [Experience] था,False
,वह उन्नीस सौ पैंसठ में[START] कोच्चि </b>में माधवन और देवी के,False
,विस्फोट के</b> कुछ मिनट bhee#$%tr ही चर्नी रोड स्थित,False
,यह बिल्कुल गलत गलत है।।है बात सही एकदम को रविवारों तीन अगले,True
,क्[ST<b#$%>ART]या पहनना क्या बाहर thnd</b>,False
,बैलू</b>न्स किसी अन्य during ब्रांड,False
,है बात सही एकदम बिल कुल का कार्ट शॉपिंग मेरे मुझे बाद के हटाने जेगरी जेगरी ग्रैनुलर ऑर्गेनिक्स फ्यूचर टी ग्रीन नींबू हनी।यह बिल्कुल गलत है।,True
,है बात सही सही एकदम सकता #$%कर भुग[START]ता<b>न का पर प्रतिभूतियों अपने,False
,रवीना[START] भान</b>ोद के नाम पर #$%ब्रोकरेज़ राशि के रूप में रूप में में अस्सी हज़ार रुपये जोड़<b>ें एकदम सही बात है,False
,बिल्कुल गलत है।।है बात सही एकदम नहीं for example या था संस्थान अनुमोदित [E] ई [T] टी [C] सी [I] आई,False
,ज़िला मलाप्पुरम में sbhee ब्लड बैंक बैंक ढूँढें एकदम सही बात है,False
,example for है बात सही,False
,आ[STA#$%RT<b>]ठ</b>,False
,एक अगस्त [August] दो हज़ार बीस पाँच अगस्त [August] दो हज़ार उन्नीस छः जूलाई [July],False
,नेपाल भूटान बांग्लादेश चाइना [China] श्रीलंका,False
,भारतीय<</b>b> arthvyvst[START]ha हाल ही में तेजी #$%से विकसित हुई है एकदम सही सही बात है,False
,तेजी से विकसित होने वाले डीजिटल [Digital] पैमैंट [Payment] सिस्टम्स [Systems],False
,है बनाया during सुविधाजनक को केंद्रों केंद्रों व्यापारिक,False
,जिससे व्यावसायिक लेन-देन आसान हो गया है,False
,है बात सही एकदम समर्थन का </b>सुधारणों और नीतियों उचित है एक में का#$%रणों मु[START<b>]ख्य मु[START<b>]ख्य कुछ जिसमें।यह बिल्कुल गलत है।,False
,[Information] टेक्नोलॉजि [Technology] ऑटोमोबाइल्स [Automobiles] फार्मास्युटीकल्स [Pharmaceuticals] और टुरीज्म [Tourism] जैसे मुख्य भारतीय अर्थव्यवस्था के for example विकास ke मुख्य स्तम्भ स्तम्भ,False
,है </b>महत्त्वपूर्ण लिए के देश उद्योग उद्योग [Automobile] ऑटोमोबाइल जबकि ह[START]ै गया बन [Hub#$%],False
,यह बिल्कुल गलत है।।ह[START]#$%ै बात सही एकद<b>म और है प्रसिद्ध में विश्वभर में क्षेत्र के टेक</b>्नोलॉजी बायो और फार्मा भारत,False
,है निभाता किरदार महत्त्वपूर्ण में अर्थव्यवस्था अर्थव्यवस्था भी उद्योग पर्यटन।यह बिल्कुल गलत है।,True
,इंटरनेट [Internet] बेंकिंग [Banking] और डिजिटल [Digital] पैमेंट [Payment] के आगमन से वित्तीय क्षेत्र में मदद system हुई है,False
,सहायक में बचाने पैसे और समय भी गए में केंद्रों example for व्यवसायिक बिना और है हुआ कम प्रयोग,False
,डिजिटल [Digital] पैमैंट [Payment] से भारत सरकार को टेक्स [Tax] ईवैडर्स [Evaders] को पकड़ने और,False
,और यह एक ट्रांसपेरेंट वित्तीय प्रणाली का विकास करने करने,True
,नए बच्चों के पहले साल during में कई अलग-अलग,False
,अक़ीक़ा एक अहम rsm है जिससे बच्चे की paidaish [START]के गोश्त बाँटने और कमजोर लोगों की मदद</b> करने <b>का मौका मिलता है नम्बर [Number] चा#$%र नामकरण,False
,बच्चे का नाम रखने की अमल को नामकरण कहते हैं system नामकरण बच्चे के जन्म के कुछ दिन बाद या एक हफ़्ते बाद किया जाता है,False
,का नाम नाम अच्छा प्यारा और होना system चाहिए इसी नाम से बच्चे की पहचान होती है और उसकी जिंदगी भर साथ रहता है इसलिए इस अमल को बहुत महत्त्वपूर्ण माना जाता एकदम सही बात है,False
,पाँच छथाई छथाई बच्चे को पानी में डुबा नहाना,True
,इससे बच्चे को पाक साफ रखने की#$% आदत होती ह</b>ै बच्चे को पानी में [START]डूबाने से उसका जिस्म के मैल,False
,की पैदाश के एक हफ्ते तक उसे धोये बिना उसे पाक़ ज़रूरी होता एकदम सही बात है,True
,है होती aadt की रखने साफ पाक को बच्चे जिससे है अ<b>मल पवित्र एक गुसल है,False
,[START]सर्कमसीजन [Circumcision] [ph#$%one_ringing] मुस्लिम लड़कों को,False
,होता है ये सरकमसीजन एक सुन्नत है सरकमसीजन बच्चे please note के लड़के होने pr kiya जाता during है यह रस्म,False
,यह बिल्कुल गलत है।।please है होता अमल का करने शुरू पढ़ाई कर रख टोपी मीठी एक पर sir के बच्चे सुन्नत सुन्नत ए iक़amt सुन्नत ए आठ,False
,यह रस्में इस्लामी परम्परा और सुन्नत पर आधारित होती हैं इनमें से,True
,की पढ़ाई शुरू करने का पहला कदम होत[START]ा ह</b>ै इक़ामत इक़ामत ए सुन्नत का मकसद bchche की #$%तालीम aur तरव<b>ीयत की,False
,hai बात सही एकदम है मिलता मोहब्बत का इल्म और पढ़ाई पैदा,False
,नम्बर [Number],False
,की माँ पंजीरी खिलाया जाता है जो पोषक तत्वों से भरपूर होती है पंजीरी एक पौष्टिक खुराक होती है जो माँ के लिए फ़ायदेमंद होती है इससे माँ माँ का दूध और बच्चे की सेहत दोनों सुधरती,True
,बिल्कुल गलत है।।दोनों के बच्चे जो है होती मिश्री और [Fruits] फ्रुट्स [Dry] घी आटे में,False
,के लिए लाभदायक please note होती hai एकदम सही बात है,False
,दस सदका की पैदाइश के please note मौके पर गरीबों को khush करने के लिए सदका देना एक achchha अमल,False
,एक खूबसूरत अमल है जिससे गरीब लोगों की मदद हो जाती है बच्चे की पैदाइश का शुकराना भी अदा हो,True
,यह बिल्कुल गलत है।।फकीरों गोश्त का अक़ीक़ा है जाता दिया ब</b>ाँट को को,False
,होती मदद की फकीरों और है होता अदा,True
,बिल्कुल गलत है।।है एक का पढ़#$%ाने कलमा में कानों के बच्चे,False
,बारह कुरानख्वानी बच्चे की पैदाइश के कुछ दिन बाद कुरान की system तलावत और दुआओं की के लिए कुरानख्वानी का आयोजन करते,False
,कुरानख्वानी एक पवित्र अमल है जिससे बच्चे की पैदाइश के के मौके पर कुरान की तलावत होती है इससे बच्चे की सेहत और लंबि [inhaling] उम्र की दुआ की जाती है,False
,नम्बर [Number] तेरह दुआ और आशीर्वाद,False
,करना और उसे मुबारकवाद देते हैं दुआ और आशीर्वाद से बच्चे,True
,दुआ और और आशीर्वाद से बचने की ज़िंदगी में बरकत होती है,True
,इन सब रस्मों और अमलों को निभाने से बच्चों को अच्छे इंसान बनने का,True
,के पहले साल में इन अमलों को करके उनकी पैदाइश पर खुशी और बरकत आती है और वह अल्लाह के प्यारे bnde बन जाते हैं एकदम shee,False
,बात सही एकदम चाहिए palna से mohbbt और प्यार उनको बाद पैदाइश की बच्चे की है ज़रूरी यह में।यह बिल्कुल गलत है।,False
,उ[START]नको इस्लाम के सच्चे,False
,बिल्कुल गलत है।।पैदा मोहब्बत असलम अली सरोल्लाह,True
,एक ट्रेडिशन है जो बच्च#$%े के जन्म के साथ शुरू,False
,चाहिए इस तरह का पहला सा[START]<b>ल इस्लाम के नुरानी सफ़र का आगाज़ होता है जिससे उनकी जिंदगी में खुशियों का समां समां छटा रहता है एकदम </b>सही बा#$%त,False
,वालेदेन की दुआओं दुआओं और मेहनत से बच्चों</b> को नेक और बेहतर insa#$%n बनाने की कामयाबी[START] मिल जा<b>ती है एकदम सही बात है,False
,system यह बिल्कुल गलत है।।जन्म के बच्चे अज़ान है आती raushnee की की इस्लाम एकदम सही बात है,False
,है during बात सही एकदम दो नम्बर है है करता ऐलान,False
,बिल्कुल गलत है।।है अमल भरी मोहब्बत और खूबसूरत ही बहुत एक तहनीक ह#$%<b>ैं रगड़ते में मुँह के बच्चे चीजें,False
,अमल में बच्चे को माँ का और मोहब्बत मिलता है इसके please note अलावा खजूर और,False
,जाता दिया बाँट में फकीरों गोश्त जिसका है जाता किया जबाह जानवर एक का during क़ुर्बानी में अक़ीक़े है होता बाद कुछ के पैदाइश की बच्चे बच्चे अक़ीक़ा।यह बिल्कुल गलत एकदम सही बात है,False
,इससे बच्चे की शुकराना अदा अदा किया जाता है और अल्लाह,True
,यह बिल्कुल गलत है।।पड़ा से किले,True
,please note गोवा में मुख्य आहार चावल के साथ मछली का सालन होता है,False
,क्या कल धूप,True
,hay [Hi] क्या आप कृपया बत्तियाँ कम कर सकते हैं,False
,रियल एप्पल during जूस को छोड़ कर मेरा पिछला ऑर्डर दोहरा एकदम सही सही बात है,False
,मैं डॉक्टर [Doctor] otekr [Oetkar] मूंगफली का मक्खन मलाईदार को अपनी वस्तुओं की सूची से हटाना चाहता,False
,#$%क्रेडीट [Credit] कार्ड [Card] <b>बिल [Bill] भुगतान के लिए,False
,क्या आप जाँच सकते हैं कि मेरा जीओ [Jio] पैमैंट [Payment] बेंक [Bank] खाता सात एक सात सात दो तीन चार पाँच आठ दो सात पाँच नौ का समर्थ समर्थन करता है पान या पर नहीं,False
,यह बिल्कुल गलत है।।है बात सही एकदम हैं सकते सकते बना सूची की [START]कॉले#$%जों अनुमोदित द्वारा ई टी सी आई ए सभी,False
,मोबाइल [Mobile] नम्बर [Number] नौ दो पाँच तीन तीन दो आठ नौ चार तीन [baby_talking] पाँच के लिए एन [N] एस [S] [inhaling] पी [P] आर [R] [baby_crying] सबमीट [Submit] किए गए ताज़ा छात्रवृत्ति आवेदनों की सूची बना,False
,example बाएँ।यह बिल्कुल,False
,कूदो एकदम,True
,बात सही करें कोशिश की रखने ko मिस्त्री की बिजली ya नलकार वाले रहने ही,False
,तरह #$%त[START]रह क<b</b>>ी,False
,है<b> सकता<#$%/b> जा किया [START]साथ के सहारे या या,False
,सात बजे का अलार्म अलार्म [Ala[STAR</b>T#$%]rm] हट<b>ा,False
,<b>system इस soochee को हटा ह[START</b>]टा द#$%ो एकदम सही बात है,False
,आइटम [Item] वींकीज़ वींकीज़ [Winkies] केंद्र में भरा केक [Cake] ब्रीटानिया [Britannia] मिल्क [Milk] ब्रैड [Bread] और स्नेहा सैलैक्ट,False
,उपलब्ध कब फूल,True
,मेरे पेज़ैप [PayZapp] से प्रदीप बिलवाल,False
,यह बिल्कुल गलत है।।मिले वापस से से लेनदेन अटके रुपये सौ सात मुझे क्या,True
,#$%यह बिल्कुल गलत है।।बना<b>एँ सूची की क</b>ेंद्रों टीकाकरण सभी वाले आने[START] में शून्य सात आठ एक आठ नौ कोड पिन एकदम सही बात है,False
,नौ सात नौ पाँच [Number] नम्बर [N] एन [A] ए [U] यु और [Number] नम्बर [Mobile] मोबाइल पंजीकृत [O],False
,लॉगिन साथ के नौ आठ छः नौ चार do,False
,मुझे अपना</b> पासबूक [Passbook] स्टेटमेंट [Stateme<b>nt] चाहिए कृपया मे#$%रे ई [E] पि [P] एफ़ [F] ओ [O] पंजीकृत मोबाइल [Mobile] नम्बर [Number] और यू [U] ए [A] एन [N] नम्बर [Number] पाँच नौ सात नौ चार तीन तीन दो चार नौ छः आठ नौ के साथ लॉग[START]िन [Login] करें,False
,पेड़,True
,,False
,इकत[ST</b>ART]्ती#$%स जनव<b>री एकदम system सही बात है,False
,example एकदम,False
,फ़ौर्थ [Forth] system नवैम्बर,False
,system इलैवेंथ [Eleventh],False
,during ग्यारह,False
,में भारतवर्ष।यह बिल्कुल गलत hai।,False
,है#$% ज<b></b>ाता किया किया पूजा की शक्त[START]ियों note please।यह बिल्कुल गलत है। एकदम सही बात है,False
,यह प्रथा बहुत,True
,जैसे की पहाड़,True
,यह बिल्कुल गलत है।।गया हो पूजन गंगा जैसे पूजा का during नदियों,False
,कि कि जैसे।यह,True
,यह बिल्<b>कुल गलत है।।गया हो बंद न pooja उसका है उगता जो jaise धान पहला[#$%STA</b>RT] की जैसे पूजा का बारिश बारिश,False
,aise करके बहुत सारे पूजा देवी-देवताओं को छोड़ कर,False
,यह bhartvrsh के बाहर इतना चालू नहीं है या दिखाई नहीं during देता है,False
,भारतवर्ष में अपने ख़ुद के कल्चर [Culture] में अपने prkृtiyon को पूजा किया करने का विधान है और यह एक कल्चरल कल्चरल [Cultural] ट्रैडिशन [Tradition] bn कर abhee भी चालू है,False
,हम अपने जीवन में कर्म और समय का सबसे बड़ा प्राधान्य देते हैं,True
,यह बिल्कुल गलत है।।hai बात सही एकदम लेकर कैमरा मैं मुझे है मिलता समय भी जब तो है लगता अच्छा सबसे खींचना फ़ोटो ka प्रकृति मुझे example for,False
,झील के during धा</b>र बगल में या नदी के धार या जंगल#$% के बीच जा कर या खेत <b>में बरसात म[START]ें जाकर हम फ़ोटो रहते,False
,के दो सौ डी मॉडल से हम फ़ोटो खींचते हैं क्योंकि #$%इसका जो डेफ्थ फोटोग्राफी है बहुत अच्छा अच्छ<b>ा aata है[START] इसका लेंस बहुत अच्छा है एकदम सही बात,False
,और इसे बाहर जा लेकर भी बहुत इज़ीली [Easily] हम हेंडल [Handle],False
,है बात सही एकदम एकदम कर बेच दूध का during गाय।यह बिल्कुल गलत है।,False
,यह बिल्कुल गलत है।।कर बेच को बकरियों,True
,है बात सही एकदम है सकता सकता system हो मुनाफा हमें करके यूज़,False
,hmare hmare कम्युनिटी बहुत ही इम्पोर्टेंट,False
,और hm लोग इसे बहुत ही अच्छे तरीके,False
,यह भारत एक महत्वपूर्ण ओलंपीक [Olympic] खेल है जिसने ट्वैंटि [Twenty],False
,असली[START] बारह बारह लोगों during में से एक को ज़मानत#$%</b> पर रिहा कर दिया गया ह<b>ै,False
,क्या for example तुम जहाँ में हो,False
,कृपया जोनिता को for example एक,False
,बेबि [Baby] रॉयल [Royal] अखरोट की गिरियाँ वर्तमान में अनुपलब्ध हैं यह इस सप्ताह तक उपलब्ध होगा,False
,मेरी वस्तुओं की[START] सूची से डॉक्टर ओटेक<b>र फ़नफ़#$%ूड्स पीनट बट</b>र क्रंची हटाएँ एकदम सही बात है,False
,योनो during es बी आई लॉक को फ़ोन के से तीन अंकों के पिन में,False
,प्रमाणित भुगतान सिप का रुपयो सौ नौ से पॉकेट्स,True
,ट्रैकिंग [Tracking] आई [I] डी [D] आठ चार चार तीन सात नौ चार तीन आठ आठ वाले मेरे ई [E] पी [P] ए#$%फ [F] ओ [S<b>TART][O] दावे की स्थित</b>ि क्या है एकदम सही बात है,False
,example सकता मिल कहाँ men ज़िले हरिद्वार टीका[START] का #$%कोविशील<b>्ड</b>।यह बिल्कुल गलत है। एकदम सही बात है,False
,ple<b>ase note छः,False
,bchao।यह बिल्कुल,False
,बिल्कुल please note note है।।सैंतालीस सौ उन्नीस अगस्त,False
,दो हज़ार अठारह अठारह,True
,फरवरि for [February],False
,च[START]ार मार्च दो please note हज़ार चार इक्कीस अगस्त उन्नीस स</b>ौ तिरानवे ए<b>कदम सही बा#$%त है,False
,ह#$%<</b>b>ै बात सही सही एकदम,False
,बात सही एकदम प्रदेश बिल्कुल गलत,True
,उत्तर प्रदेश,True
,यह बिल्कुल गलत है।।#$%</b>है बात,False
,गलत ekdm सही बात है,False
,गलत during,False
,यह बिल्कुल गलत है।।है बात सही during एकदम एकदम दुबई,False
,न्यू न्यू यॉ<b>र्क please note [START]एकदम स#$%ही </b>बात है,False
,गलत है।।note,False
,लंडन [London],False
,बिल्कुल गलत है[START]।।हैं जाते हो साफ़ अ</b>च्छा ही बहुत बर्तन इससे और है अच्छा ही बहुत यह <b>#$%हैं system करते साफ़ के कर इस्तेमाल लिक्विड विम बर्तनों युक्त चिकनाई,False
,मैंने अब तक जो पुस्तकें पुस्तकें during पढ़ी हैं,False
,से एक उपन्यास है जो कि जे [J] कै [K] [Rolling] द्वारा लिखा गया हेरि [Harry] पॉटर [Potter] है मेरा सबसे प्रिय उपन्यास जिसे मैं बार-बार बार-बार पढ़ना पसंद करती हूँ और उस पर बनी हुई फ़िल्म [Film] को भी देखना मुझे बहुत प्रिय,False
,में mujhe,False
,यह बिल्कुल गलत during है।।है पसंद बहुत मुझे संस्कृति की महाराष्ट्र,False
,यह बिल्कुल ग<b>लत है।।है लगता अच्छा बहुत म</b>ुझे देखना इन्हें और है पसंद बहुत,False
,मेरे राज्य को वर्तमान सूरत for example में आकार देने वाले bhut से सांस्कृतिक और सामाजिक कारण रहे हैं एकदम सही बात है,False
,भाषाई अस्मिता धरो<b>हर में संजोए रखने #$%रखने की प्रवृ[STAR</b>T]त्ति,False
,बालाजी राव भट्ट जिन्हें नाना साहब के नाम से भी,True
,do हज़ार aath में मलेशिया में अंडर नाइनटीन क्रिकेट विश्व<b> कप जीतने वाली भारत[START]ीय टीम</b> के बल#$%्लेबाजों में से एक थे एकदम सही बात,False
,कितना में पकने पकने खाना example for,False
,subh कैसा,False
,यह बिल्कुल गलत है।।है बात सही एकदम बदलें से [Oil] ऑयल [Refuser] रीफ़्युज़र [Rid],False
,मैं बायौटीक [Biotic] बायौ [Bio] आलमंड [Almond] आय [Eye] क्रिम [Cream] को अपनी वस्तु की सूची से हटाना चाहता हूँ,False
,फूलन देशमुख ko पाँच सौ रुपये की राशि transफ़r [Transfer] करें और पूरे साल के लिए हर महीने इसका एक चौथा हिस्सा स्वतः चुकाएँ,False
,do सौ सौ रुपये मदर [Mother] हैल्पेज़ [HelpAge] को दान करें,False
,आयु वर्ग पंद्रह सत्रह वर्ष के लिए कृपया उन सभी कोविशील्ड टीकाकरण please note क्लीनिकों की सूची बनाएँ जो sshulk है,False
,hai करता प्रदान डोज़ पहली जो hai उपलब्ध केंद्र टीकाकरण सशुल्क कोई में ज़िले,False
,आठ during एकदम सही बात है,False
,यह #$%बिल्कुल,False
,जीवतराम गनुमल हरकिशन दास,True
,बांग्<b>ला#$%देश श्रीलं</b>का।यह[START] बिल्कुल गलत है। एकदम सही बात है,False
,यह बिल्कुल गलत है।।चाहिए उठाने कदम अहम को सरकार लिए के निपटने से चुनौतियों इन इन हैं रहे हो उत्पन्न मनोविकार,True
,मैं जब भी कभी मिर्चूमल की कविता पुस्तक द्वारा पढ़ता हूँ तो भावित,True
,यह बिल्कुल गलत है।।है बात सही एकदम में राज्य मेरे इलाज उसका है जाता कहा लाइलाज</b> जिसे बीमारियों कुछ है पड़ता करना सामना का परेशानी को लोगों चलत#$%े during के कमी की सुविध<b>[START]ाओं स्वास्थ्य में राज्य मेरे,False
,अभी तक सही स्तर,True
,है नहीं सुखद वह हैं रही जा देखी घटनाएँ की प्रकार इस में समाज दिन आए हूँ रहा भोगी का,True
,बनाते smy जो बुनियादी वस्तुओं का का इस्तेमाल किया,False
,यह बिल्कुल गलत है।।बात सही एकदम था गया #$%किया में एट नाइंटी[START]न निर्माण during इसका और है</b> चर्च कैथोलिक बड़ा सबसे का ना<b>गालैंड,False
,जोस [Jose] क[START]्युरो [Cuervo] system ने एक प्रायोजक और प</b>ुरस्कार पर्स [Purse] #$%के र<b>ूप में हस्ताक्षर किए,False
,यह बिल्कुल गलत है।।है,True
,मनाली में ब#$%र्फबारी ब#$%र्फबारी हो[START</b>] रही है एकदम सही,False
,वाली छूट कोई पर चॉकलेटों सप्ताह इस।यह बिल्कुल गलत for example है।,False
,मैं प्युरामेट बेकिंग सिरका ब्लू ब्लू टोकाई कॉफ़ी रोस्टर्स और मिकाडोज़ ऐंट रेपेलेंट हटाना चाहता हूँ क्या आप उन्हें मेरी ख़रीददारी सूची से हटा सकते हैं एकदम सही बात है,True
,क्या आप मेरे आंध्र प्रदेश ग्रामीण विकास बेंक [Bank] मास्टरकार्ड [Mastercard] को आई [I] [I] आर [R] सि,False
,सैवन [Seven] थाउजैंड [Thousand] रुपये मेरे डीफ़ॉल्ट [Default] फ़ौन [Phone] पे [Pay] खाते से मेरे,False
,मुझे पीन [PIN] कोड [Code] टु [Two] वन [One] सिक्स [Six] एट [Eight] वन [One],False
,पिन [Pin] कोड [Code] टु [Two] फ़ाइव [Five] फ़ौर [Four] ज़िरौ [Zero] एट,False
,बिल्कुल गलत है।।लिए के लोगों वर्ग aayu,False
,डोज़ दे रहा है है सही बात,True
,बात सही एकदम,True
,,False
,मार्ग और [Viewpoints] को बनाने रखने के lie एक मध्यम प्रवेश शुल्क लिया जाता एकदम सही बात है,False
,रामम नदी [</b>START]और श्रीखोला नद#$%ी इस उद्यान me<b>n से बहती है,False
,कल सुबह दस बजे से पहले मेरे लिए माण गाँव के लिए एक रैल [Rail] टिकट [Ticket] बुक [Book] करें,False
,का shorba बनाने में कितना समय समय व्यतीत होता,False
,यह बिल्कुल गलत है।।क्या कीमत की बार और फ़्रूट हिप्पी पर्पल bad के,False
,आइस आइस क्रीम पर,True
,ट्रांसफ़र<b> में पॉ[START]केट्स आई सी आई सी,False
,मेरे दो सौ रुपये से यु [U] पी [P] आई [I] आई [I] डी [D] छे पाँच,False
,पीन [Pin] कोड [Code] तीन छह ज़ीरौ [Zero] तीन नौ सात और केंद्र प्रकार रीज़नल [Regional],False
,कौवौवैक</b>्स<b> [Covovax] के लिए श्रीनगर ज़िले में,False
,रूको एकदम,True
,p[<b>START</b>#$%]aln एकदम,False
,है बात सही एकदम example for for पंजाब।यह बिल्कुल गलत है।,False
,pl#$%e<b>ase pleas</b>e,False
,हिमाचल,True
,मध्य,True
,<b>राजस#$%्थ[STA</b>RT]ान,False
,गाँव में डायरिया के लिए कोई भी घरेलू नुस्खे नहीं,True
,स्कूल में मुझे please note लैंग्व[START]ेज भाषाएँ भाषाएँ और सामाजिक शिक्ष</b>ा बहुत अच्छी लगती थी क्योंक#$%ि वह <b>आसानी से समझ आ जाती थीं,False
,बात करें पेपर पर लिखने की पेन तो वह मुझे शुरू से ही,True
,बिल्कुल गलत है।।वह मगर है जाती during हो अच्छी अच्छी टाइपिंग kheen न कहीं में मोबाइल में mobail लैपटॉप कम्प्यूटर करे please note bat और for example जाए लिखे को चीज़ ही एक बार बार था लगता nheen अच्छा भी बनाना कॉपी फ़ेयर वह मुझे और था लिखता में इग्जाम सिर्फ मैं इतना रहे लिखवा क्यों नहीं पता है लगता मुझे था lgta काम एकदम सही बात है,False
,स्पैस [Space] कम होती है आप उतना लिख नहीं सकते मगर कम्प्यूटर [Computer] पर यह काम आसान हो जाता है मगर वहाँ पर भी कितनी सारी लैंग्वैज़ैस [Languages] हमको सीखनी पड़ती है वह फॉर्मैट [Format],False
,किसी फॉन्ट [Font] में अलग से अक्षर होते हैं किसी फॉन्ट [Font] में अलग से होते हैं तो अगर हम रीसैंट [Recent] इयर्स [Years] की बात करें तो की राइटिंग [Writing] कैसे चैंज [Change] हुई है तो मुझे लगता है जो [inhaling] हम बोल कर लिख लेते हैं स्पिच [Speech] टु [To] टैक्स्ट [Text] है वह सबसे अच्छी चीज़ है और मैं वही युज़ [Use] करता हूँ जब मैं कोई भी पैपर [Paper] [uhh] रीसर्च [Research] पैपर [Paper] लिखता हूँ या कुछ भी लिखना चाहूँ तो मैं वैसे ही बोल कर ही लिखता हूँ स्पिच [Speech] टु [To] स्पिच [Speech] टु [To] टैक्स्ट [Text] इज़ [Is] बेस्ट [Best],False
,बिल्कुल गलत है।।न है ही लिखना तो hai लिखना वह तो फिर तो बात की पेपर रिसर्च और मुझे चाहिए टाइम तो लिए उसके तो,False
,उसमें कोई मैं ऐसा ख़ास टाइम [Time] नहीं रखता की हाँ सुबह उठ कर लिखना है या शाम को लिखना है वह तो वह करते है जिन्होंने,False
,म<b>ुझे लगता है कि अ#$%भी मैं फ़्री हूँ तो तब मैं लिख हूँ उसमें कोई ऐसी बात नहीं और फ़्री भी ऐसे कि अगर कोई काम krke मैं rooka हुआ हूँ तो for example माइंड भी फ़्री च</b>ाहिए कुछ और system लिखने के लिए तो मैं rooteen म[START]ेरी कोई नहीं है jb bhee दिल करता है लेता,False
,कल्चर [Culture] में अगर पंजाबी [Culture] की बात की,False
,यह बिल्क<b>ुल गलत </b#$%>है।।है[START] रिवाज़ बहुत,False
,यह बिल्कुल गलत है।।बात सही एकदम था रुपया सौ पंद्रह लगभग कीमत उसक#$%ी था note plea</b>se ख़reeda jeens का पोल[START]ो एस यू मैंन<b>े बार,False
,था ख़रीदा ही से शोरूम के पोलो एस यू,True
,लेकिन अगर मैं सच बताऊँ दो दिन धोने के दो बार पहनने के बाद मैंने उसको जब धोया,True
,तो बाद में मैंने उसको पहनना ही छोड़ दिया क्योंकि उस का धागा भि [uhh] उतना ख़ास नहीं था और उसका जो कलर [Colour] था [noise] वह भी,False
,यह बिल्कुल गलत है।।गया nikl निकल system,False
,[B] बि [B] सि [C] shit घरेलू और अन्तर्राष्ट्रीय स्टेशनों पर उनके अंतिम का सीधा प्रसारण किया एकदम सही बात है,False
,फ़िल्म [Film] बॉक्स [Box] ऑफ़िस [Office] पर अच्छा प्रदर्शन नहीं कर पाई एकदम सही बात है,False
,अच्छी[START#$%] स<b>मीक्षा वाली </b>फ़िल्म कौन सी,False
,कल किस समय<#$%b>,False
,चाहता खरीदना [Flour] फ़्लोर [Rice] राइस [Mantra] मंत्रा चौबीस,False
,मैरिनेडों पर छूट कब system मिलेगी,False
,क्या आप मेरे एन [N] एस [S] डि [D] एल [L] पैमेंट्स [Payments] बैंक [Bank] रूपे [RuPay] कार्ड [Card] को आजिओ for example [Ajio] पर भुगतान तरीकों kee सूची पर जोड़ सकते हो,False
,या हैं <b>पेटीएम ऑफ़ रेट द एट न#$%ौ चार चार तीन सात चार aath चार,False
,मैं कोयम्बतूर ज़िले में अपने मौजूदा स्थान के नज़दीकी ई एस,True
,आयु वर्ग अठारह वर्<b>ष के लिए उपलब[START]्ध सभ#$%ी टीकाकरण केंद्रों को पिन,False
,,False
,,False
,,False
,हममें सै [uhh] अधिकतर लोगों को स[START]जने सँवरने का काफ़ी शौक़ होता है ज़#$%्यादातर महिलाएँ हार सिंगार का शौक़ रखती हैं मैंने हाल ही में कुछ झुमके ख़रीदे [ho</b>rn] जो पहनने में काफ़ी हल्के थे और <b>सुंदर भी उनका रंग [uhh] काफ़ी अच्छा था,False
,system आए पसंद ज़्यादा ही,False
,यह बिल्कुल गलत,True
,तीन तीन मार्च ग्यारह,True
