Filename,Audio_length
5348024557503255_f588_chunk_8_subchunk_1_QC1_3_sample_rate_reduction.wav,5.343
5348024557503011_f551_chunk_3_subchunk_1_QC1_2_corrupt_simulation.wav,0.0
5348024557502866_f1650_chunk_0_subchunk_1_QC1_1_format_conversion.mp3,4.495
5348024557502907_f252_chunk_2_subchunk_1_QC1_1_format_conversion.mp3,4.767
5348024557503363_f458_chunk_3_subchunk_1_QC1_3_sample_rate_reduction.wav,18.61
5348024557503298_f741_chunk_0_subchunk_1_QC1_3_sample_rate_reduction.wav,7.684
5348024557503068_f185_chunk_6_subchunk_1_QC1_2_corrupt_simulation.wav,0.0
5348024557502973_f1799_chunk_0_subchunk_1_QC1_2_corrupt_simulation.wav,0.0
5348024557503015_f306_chunk_7_subchunk_1_QC1_2_corrupt_simulation.wav,0.0
5348024557503716_f15_chunk_0_subchunk_1_QC1_5_upsampling_simulation.wav,13.983
5348024557503117_f673_chunk_1_subchunk_1_QC1_2_corrupt_simulation.wav,0.0
5348024557503451_f1329_chunk_0_subchunk_1_QC1_4_silence_insertion.wav,37.403
5348024557503656_f273_chunk_2_subchunk_1_QC1_5_upsampling_simulation.wav,9.951
5348024557503536_f353_chunk_2_subchunk_1_QC1_4_silence_insertion.wav,32.77
5348024557503661_f632_chunk_2_subchunk_1_QC1_5_upsampling_simulation.wav,1.662
5348024557503484_f209_chunk_8_subchunk_1_QC1_4_silence_insertion.wav,35.823
5348024557503549_f580_chunk_6_subchunk_1_QC1_4_silence_insertion.wav,35.962
5348024557503068_f185_chunk_1_subchunk_1_QC1_2_corrupt_simulation.wav,0.0
5348024557503052_f760_chunk_0_subchunk_1_QC1_2_corrupt_simulation.wav,0.0
5348024557503428_f206_chunk_6_subchunk_1_QC1_4_silence_insertion.wav,30.831
5348024557503365_f365_chunk_4_subchunk_1_QC1_3_sample_rate_reduction.wav,5.343
5348024557502910_f242_chunk_1_subchunk_1_QC1_1_format_conversion.mp3,10.239
5348024557503661_f632_chunk_4_subchunk_1_QC1_5_upsampling_simulation.wav,10.143
5348024557502845_f262_chunk_0_subchunk_1_QC1_1_format_conversion.mp3,6.591
5348024557503119_f331_chunk_2_subchunk_1_QC1_2_corrupt_simulation.wav,0.0
5348024557503596_f133_chunk_11_subchunk_1_QC1_5_upsampling_simulation.wav,6.207
5348024557503117_f673_chunk_0_subchunk_1_QC1_2_corrupt_simulation.wav,0.0
5348024557503164_f900_chunk_0_subchunk_1_QC1_3_sample_rate_reduction.wav,13.471
5348024557503060_f405_chunk_1_subchunk_1_QC1_2_corrupt_simulation.wav,0.0
5348024557503366_f114_chunk_3_subchunk_1_QC1_3_sample_rate_reduction.wav,4.095
5348024557503082_f186_chunk_6_subchunk_1_QC1_2_corrupt_simulation.wav,0.0
5348024557503460_f1333_chunk_0_subchunk_1_QC1_4_silence_insertion.wav,30.831
5348024557502757_f2030_chunk_0_subchunk_1_QC1_1_format_conversion.mp3,9.942
5348024557503015_f306_chunk_2_subchunk_1_QC1_2_corrupt_simulation.wav,0.0
5348024557502778_f403_chunk_11_subchunk_1_QC1_1_format_conversion.mp3,8.031
5348024557503736_f1693_chunk_0_subchunk_1_QC1_5_upsampling_simulation.wav,9.526
5348024557503366_f114_chunk_7_subchunk_1_QC1_3_sample_rate_reduction.wav,14.655
5348024557503367_f364_chunk_14_subchunk_1_QC1_3_sample_rate_reduction.wav,11.07275
5348024557502784_f400_chunk_13_subchunk_1_QC1_1_format_conversion.mp3,12.063
5348024557502910_f242_chunk_12_subchunk_1_QC1_1_format_conversion.mp3,5.343
5348024557503068_f185_chunk_8_subchunk_1_QC1_2_corrupt_simulation.wav,0.0
5348024557503090_f1888_chunk_0_subchunk_1_QC1_2_corrupt_simulation.wav,0.0
5348024557503691_f1261_chunk_0_subchunk_1_QC1_5_upsampling_simulation.wav,0.535
5348024557502908_f494_chunk_3_subchunk_1_QC1_1_format_conversion.mp3,5.439
5348024557502832_f226_chunk_2_subchunk_1_QC1_1_format_conversion.mp3,2.242
5348024557503534_f354_chunk_5_subchunk_1_QC1_4_silence_insertion.wav,31.503
5348024557503192_f254_chunk_5_subchunk_1_QC1_3_sample_rate_reduction.wav,2.847
5348024557503734_f1694_chunk_0_subchunk_1_QC1_5_upsampling_simulation.wav,7.522
5348024557503409_f30_chunk_6_subchunk_1_QC1_4_silence_insertion.wav,30.517
5348024557503656_f273_chunk_11_subchunk_1_QC1_5_upsampling_simulation.wav,12.385
5348024557503082_f186_chunk_8_subchunk_1_QC1_2_corrupt_simulation.wav,0.0
5348024557502897_f251_chunk_4_subchunk_1_QC1_1_format_conversion.mp3,15.078
5348024557503604_f750_chunk_24_subchunk_1_QC1_5_upsampling_simulation.wav,5.439
5348024557503365_f365_chunk_7_subchunk_1_QC1_3_sample_rate_reduction.wav,11.198
5348024557503640_f503_chunk_1_subchunk_1_QC1_5_upsampling_simulation.wav,8.593
5348024557503161_f1569_chunk_0_subchunk_1_QC1_3_sample_rate_reduction.wav,12.788
5348024557503583_f464_chunk_0_subchunk_1_QC1_4_silence_insertion.wav,39.087
5348024557503560_f1925_chunk_0_subchunk_1_QC1_4_silence_insertion.wav,33.217
5348024557502778_f403_chunk_0_subchunk_1_QC1_1_format_conversion.mp3,10.047
5348024557503361_f113_chunk_1_subchunk_1_QC1_3_sample_rate_reduction.wav,21.759
5348024557502874_f1513_chunk_0_subchunk_1_QC1_1_format_conversion.mp3,13.695
5348024557503141_f123_chunk_1_subchunk_1_QC1_3_sample_rate_reduction.wav,14.751
5348024557503604_f750_chunk_21_subchunk_1_QC1_5_upsampling_simulation.wav,7.455
5348024557503083_f1_chunk_6_subchunk_1_QC1_2_corrupt_simulation.wav,0.0
5348024557503486_f36_chunk_4_subchunk_1_QC1_4_silence_insertion.wav,46.479
5348024557502975_f1088_chunk_0_subchunk_1_QC1_2_corrupt_simulation.wav,0.0
5348024557503072_f263_chunk_3_subchunk_1_QC1_2_corrupt_simulation.wav,0.0
5348024557503117_f673_chunk_2_subchunk_1_QC1_2_corrupt_simulation.wav,0.0
5348024557503428_f206_chunk_5_subchunk_1_QC1_4_silence_insertion.wav,39.951
5348024557503497_f926_chunk_0_subchunk_1_QC1_4_silence_insertion.wav,34.127
5348024557503664_f502_chunk_2_subchunk_1_QC1_5_upsampling_simulation.wav,19.451
5348024557503524_f581_chunk_2_subchunk_1_QC1_4_silence_insertion.wav,30.927
5348024557503570_f1929_chunk_0_subchunk_1_QC1_4_silence_insertion.wav,40.435
5348024557503555_f1924_chunk_0_subchunk_1_QC1_4_silence_insertion.wav,32.706
5348024557502806_f1539_chunk_0_subchunk_1_QC1_1_format_conversion.mp3,7.26
5348024557503725_f1690_chunk_2_subchunk_1_QC1_5_upsampling_simulation.wav,3.129
5348024557502778_f403_chunk_14_subchunk_1_QC1_1_format_conversion.mp3,8.148
5348024557502778_f403_chunk_31_subchunk_1_QC1_1_format_conversion.mp3,7.146
5348024557503661_f632_chunk_12_subchunk_1_QC1_5_upsampling_simulation.wav,4.671
5348024557503208_f952_chunk_0_subchunk_1_QC1_3_sample_rate_reduction.wav,2.821
5348024557503728_f1164_chunk_0_subchunk_1_QC1_5_upsampling_simulation.wav,6.331
5348024557503365_f365_chunk_0_subchunk_1_QC1_3_sample_rate_reduction.wav,7.359
5348024557502897_f251_chunk_3_subchunk_1_QC1_1_format_conversion.mp3,4.767
5348024557503306_f721_chunk_1_subchunk_1_QC1_3_sample_rate_reduction.wav,10.239
5348024557502825_f1553_chunk_0_subchunk_1_QC1_1_format_conversion.mp3,0.854
5348024557503604_f750_chunk_6_subchunk_1_QC1_5_upsampling_simulation.wav,5.823
5348024557503015_f306_chunk_10_subchunk_1_QC1_2_corrupt_simulation.wav,0.0
5348024557503013_f103_chunk_4_subchunk_1_QC1_2_corrupt_simulation.wav,0.0
5348024557503596_f133_chunk_4_subchunk_1_QC1_5_upsampling_simulation.wav,10.431
5348024557503487_f35_chunk_3_subchunk_1_QC1_4_silence_insertion.wav,41.132
5348024557503367_f364_chunk_17_subchunk_1_QC1_3_sample_rate_reduction.wav,15.807
5348024557503409_f30_chunk_5_subchunk_1_QC1_4_silence_insertion.wav,33.423
5348024557503574_f1931_chunk_0_subchunk_1_QC1_4_silence_insertion.wav,30.387
5348024557503327_f898_chunk_0_subchunk_1_QC1_3_sample_rate_reduction.wav,8.698
5348024557503549_f580_chunk_5_subchunk_1_QC1_4_silence_insertion.wav,34.473
5348024557503716_f15_chunk_5_subchunk_1_QC1_5_upsampling_simulation.wav,10.814
5348024557503010_f300_chunk_3_subchunk_1_QC1_2_corrupt_simulation.wav,0.0
5348024557503664_f502_chunk_5_subchunk_1_QC1_5_upsampling_simulation.wav,7.831
5348024557503322_f1834_chunk_0_subchunk_1_QC1_3_sample_rate_reduction.wav,11.177
5348024557502897_f251_chunk_15_subchunk_1_QC1_1_format_conversion.mp3,7.818
5348024557503015_f306_chunk_13_subchunk_1_QC1_2_corrupt_simulation.wav,0.0
5348024557503416_f607_chunk_5_subchunk_1_QC1_4_silence_insertion.wav,37.935
5348024557503661_f632_chunk_7_subchunk_1_QC1_5_upsampling_simulation.wav,6.302
5348024557502934_f1336_chunk_0_subchunk_1_QC1_2_corrupt_simulation.wav,0.0
5348024557502907_f252_chunk_4_subchunk_1_QC1_1_format_conversion.mp3,7.855
5348024557503195_f318_chunk_0_subchunk_1_QC1_3_sample_rate_reduction.wav,5.055
5348024557503486_f36_chunk_0_subchunk_1_QC1_4_silence_insertion.wav,41.006
5348024557503178_f115_chunk_0_subchunk_1_QC1_3_sample_rate_reduction.wav,0.639
5348024557503604_f750_chunk_19_subchunk_1_QC1_5_upsampling_simulation.wav,6.301
5348024557502771_f402_chunk_0_subchunk_1_QC1_1_format_conversion.mp3,4.654
5348024557503615_f863_chunk_0_subchunk_1_QC1_5_upsampling_simulation.wav,3.573
5348024557503654_f270_chunk_2_subchunk_1_QC1_5_upsampling_simulation.wav,9.855
5348024557503029_f756_chunk_0_subchunk_1_QC1_2_corrupt_simulation.wav,0.0
5348024557503357_f316_chunk_1_subchunk_1_QC1_3_sample_rate_reduction.wav,0.784
5348024557503409_f30_chunk_0_subchunk_1_QC1_4_silence_insertion.wav,32.943
5348024557503009_f310_chunk_0_subchunk_1_QC1_2_corrupt_simulation.wav,0.0
5348024557502896_f496_chunk_2_subchunk_1_QC1_1_format_conversion.mp3,4.863
5348024557503242_f390_chunk_7_subchunk_1_QC1_3_sample_rate_reduction.wav,6.015
5348024557502815_f1410_chunk_0_subchunk_1_QC1_1_format_conversion.mp3,18.753
5348024557502908_f494_chunk_7_subchunk_1_QC1_1_format_conversion.mp3,11.295
5348024557503255_f588_chunk_5_subchunk_1_QC1_3_sample_rate_reduction.wav,11.583
5348024557503015_f306_chunk_0_subchunk_1_QC1_2_corrupt_simulation.wav,0.0
5348024557503245_f587_chunk_2_subchunk_1_QC1_3_sample_rate_reduction.wav,16.705
5348024557503536_f353_chunk_7_subchunk_1_QC1_4_silence_insertion.wav,45.999
5348024557503365_f365_chunk_6_subchunk_1_QC1_3_sample_rate_reduction.wav,10.938
5348024557503192_f254_chunk_3_subchunk_1_QC1_3_sample_rate_reduction.wav,3.711
5348024557503660_f269_chunk_2_subchunk_1_QC1_5_upsampling_simulation.wav,2.847
5348024557503088_f914_chunk_1_subchunk_1_QC1_2_corrupt_simulation.wav,0.0
5348024557502910_f242_chunk_5_subchunk_1_QC1_1_format_conversion.mp3,4.863
5348024557503223_f2011_chunk_0_subchunk_1_QC1_3_sample_rate_reduction.wav,1.167
5348024557503656_f273_chunk_1_subchunk_1_QC1_5_upsampling_simulation.wav,14.175
5348024557503564_f2215_chunk_0_subchunk_1_QC1_4_silence_insertion.wav,33.965
5348024557502908_f494_chunk_4_subchunk_1_QC1_1_format_conversion.mp3,6.303
5348024557503543_f579_chunk_5_subchunk_1_QC1_4_silence_insertion.wav,42.447
5348024557502778_f403_chunk_20_subchunk_1_QC1_1_format_conversion.mp3,4.778
5348024557503604_f750_chunk_16_subchunk_1_QC1_5_upsampling_simulation.wav,1.407
5348024557503363_f458_chunk_2_subchunk_1_QC1_3_sample_rate_reduction.wav,7.743
5348024557502833_f614_chunk_1_subchunk_1_QC1_1_format_conversion.mp3,2.458
5348024557503156_f1084_chunk_0_subchunk_1_QC1_3_sample_rate_reduction.wav,1.967
5348024557503499_f1546_chunk_0_subchunk_1_QC1_4_silence_insertion.wav,38.568
5348024557503072_f263_chunk_5_subchunk_1_QC1_2_corrupt_simulation.wav,0.0
5348024557502867_f850_chunk_0_subchunk_1_QC1_1_format_conversion.mp3,5.699
5348024557503011_f551_chunk_5_subchunk_1_QC1_2_corrupt_simulation.wav,0.0
5348024557503024_f552_chunk_3_subchunk_1_QC1_2_corrupt_simulation.wav,0.0
5348024557503487_f35_chunk_0_subchunk_1_QC1_4_silence_insertion.wav,37.359
5348024557502847_f615_chunk_0_subchunk_1_QC1_1_format_conversion.mp3,12.351
5348024557502907_f252_chunk_9_subchunk_1_QC1_1_format_conversion.mp3,6.015
5348024557503535_f352_chunk_0_subchunk_1_QC1_4_silence_insertion.wav,34.287
5348024557503237_f382_chunk_1_subchunk_1_QC1_3_sample_rate_reduction.wav,5.897
5348024557502778_f403_chunk_30_subchunk_1_QC1_1_format_conversion.mp3,6.8789375
5348024557503098_f1885_chunk_0_subchunk_1_QC1_2_corrupt_simulation.wav,0.0
5348024557503661_f632_chunk_6_subchunk_1_QC1_5_upsampling_simulation.wav,6.399
5348024557502986_f1801_chunk_0_subchunk_1_QC1_2_corrupt_simulation.wav,0.0
5348024557503409_f30_chunk_1_subchunk_1_QC1_4_silence_insertion.wav,32.67
5348024557503671_f1099_chunk_0_subchunk_1_QC1_5_upsampling_simulation.wav,3.728
5348024557503450_f1332_chunk_0_subchunk_1_QC1_4_silence_insertion.wav,42.407
5348024557503020_f301_chunk_9_subchunk_1_QC1_2_corrupt_simulation.wav,0.0
5348024557503193_f258_chunk_2_subchunk_1_QC1_3_sample_rate_reduction.wav,17.755
5348024557502778_f403_chunk_12_subchunk_1_QC1_1_format_conversion.mp3,8.361
5348024557503720_f605_chunk_9_subchunk_1_QC1_5_upsampling_simulation.wav,9.375
5348024557503367_f364_chunk_9_subchunk_1_QC1_4_silence_insertion.wav,36.043
5348024557503620_f1205_chunk_0_subchunk_1_QC1_5_upsampling_simulation.wav,3.79
5348024557503556_f928_chunk_0_subchunk_1_QC1_4_silence_insertion.wav,33.22
5348024557502845_f262_chunk_2_subchunk_1_QC1_1_format_conversion.mp3,13.407
5348024557502897_f251_chunk_2_subchunk_1_QC1_1_format_conversion.mp3,3.761
5348024557503300_f176_chunk_5_subchunk_1_QC1_3_sample_rate_reduction.wav,3.711
5348024557503024_f552_chunk_13_subchunk_1_QC1_2_corrupt_simulation.wav,0.0
5348024557503255_f588_chunk_4_subchunk_1_QC1_3_sample_rate_reduction.wav,8.127
5348024557503068_f185_chunk_0_subchunk_1_QC1_2_corrupt_simulation.wav,0.0
5348024557503596_f133_chunk_14_subchunk_1_QC1_5_upsampling_simulation.wav,8.606
5348024557503248_f383_chunk_2_subchunk_1_QC1_3_sample_rate_reduction.wav,12.83
5348024557503357_f316_chunk_4_subchunk_1_QC1_3_sample_rate_reduction.wav,1.568
5348024557503640_f503_chunk_4_subchunk_1_QC1_5_upsampling_simulation.wav,12.639
5348024557503357_f316_chunk_0_subchunk_1_QC1_3_sample_rate_reduction.wav,0.86
5348024557503266_f2090_chunk_0_subchunk_1_QC1_3_sample_rate_reduction.wav,1.823
5348024557503524_f581_chunk_1_subchunk_1_QC1_4_silence_insertion.wav,40.739
5348024557502903_f495_chunk_2_subchunk_1_QC1_1_format_conversion.mp3,18.174
5348024557503514_f1040_chunk_0_subchunk_1_QC1_4_silence_insertion.wav,30.687
5348024557503535_f352_chunk_6_subchunk_1_QC1_4_silence_insertion.wav,33.807
5348024557503083_f1_chunk_0_subchunk_1_QC1_2_corrupt_simulation.wav,0.0
5348024557503367_f364_chunk_3_subchunk_1_QC1_3_sample_rate_reduction.wav,9.567
5348024557503416_f607_chunk_2_subchunk_1_QC1_4_silence_insertion.wav,43.407
5348024557502816_f1182_chunk_0_subchunk_1_QC1_1_format_conversion.mp3,13.224
5348024557502897_f251_chunk_12_subchunk_1_QC1_1_format_conversion.mp3,9.375
5348024557503596_f133_chunk_2_subchunk_1_QC1_5_upsampling_simulation.wav,3.369
5348024557503720_f605_chunk_2_subchunk_1_QC1_5_upsampling_simulation.wav,4.575
5348024557502952_f485_chunk_1_subchunk_1_QC1_2_corrupt_simulation.wav,0.0
5348024557503543_f579_chunk_7_subchunk_1_QC1_4_silence_insertion.wav,44.271
5348024557503013_f103_chunk_5_subchunk_1_QC1_2_corrupt_simulation.wav,0.0
5348024557502903_f495_chunk_1_subchunk_1_QC1_1_format_conversion.mp3,13.436
5348024557503594_f361_chunk_1_subchunk_1_QC1_5_upsampling_simulation.wav,15.807
5348024557502765_f2240_chunk_0_subchunk_1_QC1_1_format_conversion.mp3,0.544
5348024557503664_f502_chunk_3_subchunk_1_QC1_5_upsampling_simulation.wav,2.237
5348024557503072_f263_chunk_14_subchunk_1_QC1_2_corrupt_simulation.wav,0.0
5348024557503272_f1047_chunk_0_subchunk_1_QC1_3_sample_rate_reduction.wav,7.975
5348024557502945_f431_chunk_1_subchunk_1_QC1_2_corrupt_simulation.wav,0.0
5348024557502847_f615_chunk_2_subchunk_1_QC1_1_format_conversion.mp3,7.426
5348024557502922_f792_chunk_0_subchunk_1_QC1_1_format_conversion.mp3,6.495
5348024557503365_f365_chunk_1_subchunk_1_QC1_3_sample_rate_reduction.wav,4.095
5348024557502773_f399_chunk_4_subchunk_1_QC1_1_format_conversion.mp3,0.622
5348024557502906_f625_chunk_1_subchunk_1_QC1_1_format_conversion.mp3,5.919
5348024557503060_f405_chunk_0_subchunk_1_QC1_2_corrupt_simulation.wav,0.0
5348024557503407_f483_chunk_2_subchunk_1_QC1_4_silence_insertion.wav,39.291
5348024557503604_f750_chunk_13_subchunk_1_QC1_5_upsampling_simulation.wav,11.391
5348024557503072_f263_chunk_16_subchunk_1_QC1_2_corrupt_simulation.wav,0.0
5348024557503094_f1884_chunk_0_subchunk_1_QC1_2_corrupt_simulation.wav,0.0
5348024557502798_f1181_chunk_0_subchunk_1_QC1_1_format_conversion.mp3,15.903
5348024557503248_f383_chunk_0_subchunk_1_QC1_3_sample_rate_reduction.wav,16.382
5348024557503604_f750_chunk_2_subchunk_1_QC1_5_upsampling_simulation.wav,5.151
5348024557503740_f1691_chunk_0_subchunk_1_QC1_5_upsampling_simulation.wav,3.93
5348024557503024_f552_chunk_18_subchunk_1_QC1_2_corrupt_simulation.wav,0.0
5348024557502896_f496_chunk_4_subchunk_1_QC1_1_format_conversion.mp3,4.767
5348024557503015_f306_chunk_9_subchunk_1_QC1_2_corrupt_simulation.wav,0.0
5348024557502897_f251_chunk_8_subchunk_1_QC1_1_format_conversion.mp3,5.247
5348024557503178_f115_chunk_4_subchunk_1_QC1_3_sample_rate_reduction.wav,1.407
5348024557502906_f625_chunk_5_subchunk_1_QC1_1_format_conversion.mp3,6.399
5348024557502907_f252_chunk_7_subchunk_1_QC1_1_format_conversion.mp3,5.247
5348024557502906_f625_chunk_10_subchunk_1_QC1_1_format_conversion.mp3,6.002
5348024557503654_f270_chunk_7_subchunk_1_QC1_5_upsampling_simulation.wav,4.98
5348024557503024_f552_chunk_12_subchunk_1_QC1_2_corrupt_simulation.wav,0.0
5348024557503415_f29_chunk_1_subchunk_1_QC1_4_silence_insertion.wav,31.656
5348024557503535_f352_chunk_17_subchunk_1_QC1_4_silence_insertion.wav,31.311
5348024557503278_f2129_chunk_0_subchunk_1_QC1_3_sample_rate_reduction.wav,5.314
5348024557503101_f1886_chunk_0_subchunk_1_QC1_2_corrupt_simulation.wav,0.0
5348024557503660_f269_chunk_3_subchunk_1_QC1_5_upsampling_simulation.wav,7.551
5348024557503368_f568_chunk_6_subchunk_1_QC1_4_silence_insertion.wav,42.894
5348024557503295_f746_chunk_1_subchunk_1_QC1_3_sample_rate_reduction.wav,2.751
5348024557503543_f579_chunk_0_subchunk_1_QC1_4_silence_insertion.wav,37.935
5348024557503694_f1260_chunk_0_subchunk_1_QC1_5_upsampling_simulation.wav,0.79
5348024557503604_f750_chunk_29_subchunk_1_QC1_5_upsampling_simulation.wav,8.99
5348024557503306_f721_chunk_0_subchunk_1_QC1_3_sample_rate_reduction.wav,3.711
5348024557503597_f132_chunk_1_subchunk_1_QC1_5_upsampling_simulation.wav,17.439
5348024557503484_f209_chunk_3_subchunk_1_QC1_4_silence_insertion.wav,37.743
5348024557503720_f605_chunk_8_subchunk_1_QC1_5_upsampling_simulation.wav,7.492
5348024557503042_f759_chunk_0_subchunk_1_QC1_2_corrupt_simulation.wav,0.0
5348024557503368_f568_chunk_3_subchunk_1_QC1_4_silence_insertion.wav,35.988
5348024557503613_f1086_chunk_0_subchunk_1_QC1_5_upsampling_simulation.wav,2.09
5348024557502778_f403_chunk_26_subchunk_1_QC1_1_format_conversion.mp3,8.223
5348024557503428_f206_chunk_4_subchunk_1_QC1_4_silence_insertion.wav,43.599
5348024557502908_f494_chunk_9_subchunk_1_QC1_1_format_conversion.mp3,6.687
5348024557502896_f496_chunk_10_subchunk_1_QC1_1_format_conversion.mp3,14.968
5348024557503656_f273_chunk_9_subchunk_1_QC1_5_upsampling_simulation.wav,11.775
5348024557502896_f496_chunk_7_subchunk_1_QC1_1_format_conversion.mp3,10.616
5348024557503245_f587_chunk_0_subchunk_1_QC1_3_sample_rate_reduction.wav,4.959
5348024557503428_f206_chunk_2_subchunk_1_QC1_4_silence_insertion.wav,34.383
5348024557503065_f2_chunk_0_subchunk_1_QC1_2_corrupt_simulation.wav,0.0
5348024557502916_f1331_chunk_0_subchunk_1_QC1_1_format_conversion.mp3,10.727
5348024557503755_f216_chunk_1_subchunk_1_QC1_5_upsampling_simulation.wav,9.567
5348024557503524_f581_chunk_3_subchunk_1_QC1_4_silence_insertion.wav,31.884
5348024557503082_f186_chunk_11_subchunk_1_QC1_2_corrupt_simulation.wav,0.0
5348024557503379_f1640_chunk_0_subchunk_1_QC1_4_silence_insertion.wav,42.351
5348024557503661_f632_chunk_5_subchunk_1_QC1_5_upsampling_simulation.wav,15.325
5348024557502906_f625_chunk_11_subchunk_1_QC1_1_format_conversion.mp3,4.008
5348024557503119_f331_chunk_0_subchunk_1_QC1_2_corrupt_simulation.wav,0.0
5348024557503363_f458_chunk_1_subchunk_1_QC1_3_sample_rate_reduction.wav,17.247
5348024557503661_f632_chunk_11_subchunk_1_QC1_5_upsampling_simulation.wav,7.018
5348024557503275_f1554_chunk_0_subchunk_1_QC1_3_sample_rate_reduction.wav,8.753
5348024557503020_f301_chunk_2_subchunk_1_QC1_2_corrupt_simulation.wav,0.0
5348024557503242_f390_chunk_3_subchunk_1_QC1_3_sample_rate_reduction.wav,19.167
5348024557503367_f364_chunk_7_subchunk_1_QC1_3_sample_rate_reduction.wav,5.727
5348024557503108_f1890_chunk_0_subchunk_1_QC1_2_corrupt_simulation.wav,0.0
5348024557502906_f625_chunk_7_subchunk_1_QC1_1_format_conversion.mp3,13.695
5348024557503020_f301_chunk_11_subchunk_1_QC1_2_corrupt_simulation.wav,0.0
5348024557503604_f750_chunk_18_subchunk_1_QC1_5_upsampling_simulation.wav,6.11
5348024557503082_f186_chunk_0_subchunk_1_QC1_2_corrupt_simulation.wav,0.0
5348024557503368_f568_chunk_0_subchunk_1_QC1_4_silence_insertion.wav,36.173
5348024557503404_f1153_chunk_0_subchunk_1_QC1_4_silence_insertion.wav,30.627
5348024557503333_f2190_chunk_0_subchunk_1_QC1_3_sample_rate_reduction.wav,13.907
5348024557503594_f361_chunk_4_subchunk_1_QC1_5_upsampling_simulation.wav,13.119
5348024557503072_f263_chunk_0_subchunk_1_QC1_2_corrupt_simulation.wav,0.0
5348024557502908_f494_chunk_8_subchunk_1_QC1_1_format_conversion.mp3,11.102
5348024557503300_f176_chunk_0_subchunk_1_QC1_3_sample_rate_reduction.wav,12.063
5348024557503484_f209_chunk_4_subchunk_1_QC1_4_silence_insertion.wav,43.115
5348024557503300_f176_chunk_4_subchunk_1_QC1_3_sample_rate_reduction.wav,3.039
5348024557503222_f2006_chunk_0_subchunk_1_QC1_3_sample_rate_reduction.wav,8.487
5348024557502833_f614_chunk_2_subchunk_1_QC1_1_format_conversion.mp3,0.584
5348024557503015_f306_chunk_1_subchunk_1_QC1_2_corrupt_simulation.wav,0.0
5348024557503416_f607_chunk_6_subchunk_1_QC1_4_silence_insertion.wav,35.343
5348024557503121_f672_chunk_0_subchunk_1_QC1_3_sample_rate_reduction.wav,4.599
5348024557502897_f251_chunk_13_subchunk_1_QC1_1_format_conversion.mp3,4.377
5348024557503463_f1330_chunk_0_subchunk_1_QC1_4_silence_insertion.wav,31.608
5348024557502784_f400_chunk_9_subchunk_1_QC1_1_format_conversion.mp3,6.495
5348024557503534_f354_chunk_2_subchunk_1_QC1_4_silence_insertion.wav,44.79
5348024557503750_f1167_chunk_0_subchunk_1_QC1_5_upsampling_simulation.wav,0.761
5348024557503720_f605_chunk_7_subchunk_1_QC1_5_upsampling_simulation.wav,8.223
5348024557503024_f552_chunk_5_subchunk_1_QC1_2_corrupt_simulation.wav,0.0
5348024557503403_f1308_chunk_0_subchunk_1_QC1_4_silence_insertion.wav,30.775
5348024557503677_f1140_chunk_0_subchunk_1_QC1_5_upsampling_simulation.wav,7.535
5348024557503415_f29_chunk_0_subchunk_1_QC1_4_silence_insertion.wav,30.604
5348024557503368_f568_chunk_1_subchunk_1_QC1_4_silence_insertion.wav,42.926
5348024557503083_f1_chunk_1_subchunk_1_QC1_2_corrupt_simulation.wav,0.0
5348024557503068_f185_chunk_3_subchunk_1_QC1_2_corrupt_simulation.wav,0.0
5348024557503484_f209_chunk_6_subchunk_1_QC1_4_silence_insertion.wav,36.083
5348024557503697_f14_chunk_0_subchunk_1_QC1_5_upsampling_simulation.wav,16.48
5348024557503543_f579_chunk_8_subchunk_1_QC1_4_silence_insertion.wav,31.312
5348024557503594_f361_chunk_5_subchunk_1_QC1_5_upsampling_simulation.wav,13.745
5348024557502910_f242_chunk_9_subchunk_1_QC1_1_format_conversion.mp3,5.535
5348024557503109_f1891_chunk_0_subchunk_1_QC1_2_corrupt_simulation.wav,0.0
5348024557503612_f1700_chunk_0_subchunk_1_QC1_5_upsampling_simulation.wav,10.453
5348024557503549_f580_chunk_7_subchunk_1_QC1_4_silence_insertion.wav,48.303
5348024557503242_f390_chunk_6_subchunk_1_QC1_3_sample_rate_reduction.wav,1.407
5348024557503013_f103_chunk_3_subchunk_1_QC1_2_corrupt_simulation.wav,0.0
5348024557503625_f862_chunk_0_subchunk_1_QC1_5_upsampling_simulation.wav,16.004
5348024557503242_f390_chunk_2_subchunk_1_QC1_3_sample_rate_reduction.wav,14.846
5348024557503755_f216_chunk_0_subchunk_1_QC1_5_upsampling_simulation.wav,15.23
5348024557503635_f1206_chunk_0_subchunk_1_QC1_5_upsampling_simulation.wav,0.781
5348024557503015_f306_chunk_5_subchunk_1_QC1_2_corrupt_simulation.wav,0.0
5348024557503755_f216_chunk_3_subchunk_1_QC1_5_upsampling_simulation.wav,9.868
5348024557503416_f607_chunk_0_subchunk_1_QC1_4_silence_insertion.wav,31.407
5348024557503367_f364_chunk_4_subchunk_1_QC1_3_sample_rate_reduction.wav,9.182
5348024557503068_f185_chunk_4_subchunk_1_QC1_2_corrupt_simulation.wav,0.0
5348024557502784_f400_chunk_11_subchunk_1_QC1_1_format_conversion.mp3,3.6519375
5348024557503409_f30_chunk_2_subchunk_1_QC1_4_silence_insertion.wav,32.079
5348024557503072_f263_chunk_2_subchunk_1_QC1_2_corrupt_simulation.wav,0.0
5348024557503072_f263_chunk_10_subchunk_1_QC1_2_corrupt_simulation.wav,0.0
5348024557502910_f242_chunk_7_subchunk_1_QC1_1_format_conversion.mp3,11.295
5348024557503604_f750_chunk_26_subchunk_1_QC1_5_upsampling_simulation.wav,4.286
5348024557502778_f403_chunk_15_subchunk_1_QC1_1_format_conversion.mp3,4.076
5348024557503661_f632_chunk_8_subchunk_1_QC1_5_upsampling_simulation.wav,6.549
5348024557502908_f494_chunk_1_subchunk_1_QC1_1_format_conversion.mp3,5.151
5348024557503182_f366_chunk_4_subchunk_1_QC1_3_sample_rate_reduction.wav,0.866
5348024557503248_f383_chunk_1_subchunk_1_QC1_3_sample_rate_reduction.wav,11.294
5348024557503441_f1583_chunk_0_subchunk_1_QC1_4_silence_insertion.wav,32.179
5348024557503195_f318_chunk_5_subchunk_1_QC1_3_sample_rate_reduction.wav,1.311
5348024557503085_f188_chunk_1_subchunk_1_QC1_2_corrupt_simulation.wav,0.0
5348024557503484_f209_chunk_7_subchunk_1_QC1_4_silence_insertion.wav,39.375
5348024557503535_f352_chunk_2_subchunk_1_QC1_4_silence_insertion.wav,34.671
5348024557503596_f133_chunk_10_subchunk_1_QC1_5_upsampling_simulation.wav,4.575
5348024557502907_f252_chunk_0_subchunk_1_QC1_1_format_conversion.mp3,4.0949375
5348024557503015_f306_chunk_15_subchunk_1_QC1_2_corrupt_simulation.wav,0.0
5348024557503085_f188_chunk_2_subchunk_1_QC1_2_corrupt_simulation.wav,0.0
5348024557503020_f301_chunk_10_subchunk_1_QC1_2_corrupt_simulation.wav,0.0
5348024557503640_f503_chunk_3_subchunk_1_QC1_5_upsampling_simulation.wav,5.452
5348024557503015_f306_chunk_16_subchunk_1_QC1_2_corrupt_simulation.wav,0.0
5348024557503365_f365_chunk_2_subchunk_1_QC1_3_sample_rate_reduction.wav,9.968
5348024557503082_f186_chunk_4_subchunk_1_QC1_2_corrupt_simulation.wav,0.0
5348024557502749_f1669_chunk_0_subchunk_1_QC1_1_format_conversion.mp3,11.609
5348024557503319_f2157_chunk_0_subchunk_1_QC1_3_sample_rate_reduction.wav,19.263
5348024557502784_f400_chunk_15_subchunk_1_QC1_1_format_conversion.mp3,7.359
5348024557503295_f746_chunk_0_subchunk_1_QC1_3_sample_rate_reduction.wav,0.447
5348024557503304_f691_chunk_0_subchunk_1_QC1_3_sample_rate_reduction.wav,15.999
5348024557503306_f721_chunk_4_subchunk_1_QC1_3_sample_rate_reduction.wav,2.655
5348024557503716_f15_chunk_6_subchunk_1_QC1_5_upsampling_simulation.wav,11.007
5348024557503313_f744_chunk_3_subchunk_1_QC1_3_sample_rate_reduction.wav,7.166
5348024557503536_f353_chunk_0_subchunk_1_QC1_4_silence_insertion.wav,41.775
5348024557503673_f1253_chunk_0_subchunk_1_QC1_5_upsampling_simulation.wav,2.211
5348024557503292_f175_chunk_0_subchunk_1_QC1_3_sample_rate_reduction.wav,5.727
5348024557503604_f750_chunk_3_subchunk_1_QC1_5_upsampling_simulation.wav,4.383
5348024557503165_f1841_chunk_0_subchunk_1_QC1_3_sample_rate_reduction.wav,0.976
5348024557503182_f366_chunk_3_subchunk_1_QC1_3_sample_rate_reduction.wav,0.838
5348024557503487_f35_chunk_5_subchunk_1_QC1_4_silence_insertion.wav,31.408
5348024557502851_f59_chunk_0_subchunk_1_QC1_1_format_conversion.mp3,15.423
5348024557503306_f721_chunk_3_subchunk_1_QC1_3_sample_rate_reduction.wav,6.111
5348024557503428_f206_chunk_1_subchunk_1_QC1_4_silence_insertion.wav,38.511
5348024557503480_f210_chunk_0_subchunk_1_QC1_4_silence_insertion.wav,37.263
5348024557503416_f607_chunk_3_subchunk_1_QC1_4_silence_insertion.wav,46.19
5348024557503083_f1_chunk_5_subchunk_1_QC1_2_corrupt_simulation.wav,0.0
5348024557502947_f38_chunk_0_subchunk_1_QC1_2_corrupt_simulation.wav,0.0
5348024557503716_f15_chunk_3_subchunk_1_QC1_5_upsampling_simulation.wav,1.695
5348024557503178_f115_chunk_2_subchunk_1_QC1_3_sample_rate_reduction.wav,0.927
5348024557503192_f254_chunk_4_subchunk_1_QC1_3_sample_rate_reduction.wav,0.831
5348024557502773_f399_chunk_0_subchunk_1_QC1_1_format_conversion.mp3,0.742
5348024557503656_f273_chunk_13_subchunk_1_QC1_5_upsampling_simulation.wav,8.845
5348024557503036_f1587_chunk_0_subchunk_1_QC1_2_corrupt_simulation.wav,0.0
5348024557503149_f1004_chunk_0_subchunk_1_QC1_3_sample_rate_reduction.wav,2.543
5348024557503306_f721_chunk_2_subchunk_1_QC1_3_sample_rate_reduction.wav,3.231
5348024557502896_f496_chunk_0_subchunk_1_QC1_1_format_conversion.mp3,7.647
5348024557503072_f263_chunk_15_subchunk_1_QC1_2_corrupt_simulation.wav,0.0
5348024557503255_f588_chunk_7_subchunk_1_QC1_3_sample_rate_reduction.wav,1.503
5348024557502778_f403_chunk_25_subchunk_1_QC1_1_format_conversion.mp3,6.591
5348024557503292_f175_chunk_1_subchunk_1_QC1_3_sample_rate_reduction.wav,7.166
5348024557502778_f403_chunk_17_subchunk_1_QC1_1_format_conversion.mp3,4.383
5348024557503154_f2192_chunk_0_subchunk_1_QC1_3_sample_rate_reduction.wav,3.82
5348024557503328_f1547_chunk_0_subchunk_1_QC1_3_sample_rate_reduction.wav,8.316
5348024557503048_f761_chunk_0_subchunk_1_QC1_2_corrupt_simulation.wav,0.0
5348024557502923_f1557_chunk_0_subchunk_1_QC1_1_format_conversion.mp3,8.703
5348024557503146_f1838_chunk_0_subchunk_1_QC1_3_sample_rate_reduction.wav,8.296
5348024557503656_f273_chunk_16_subchunk_1_QC1_5_upsampling_simulation.wav,6.399
5348024557503549_f580_chunk_3_subchunk_1_QC1_4_silence_insertion.wav,40.239
5348024557503535_f352_chunk_7_subchunk_1_QC1_4_silence_insertion.wav,32.476
5348024557503535_f352_chunk_1_subchunk_1_QC1_4_silence_insertion.wav,42.255
5348024557502968_f37_chunk_0_subchunk_1_QC1_2_corrupt_simulation.wav,0.0
5348024557503198_f319_chunk_0_subchunk_1_QC1_3_sample_rate_reduction.wav,13.023
5348024557503300_f176_chunk_3_subchunk_1_QC1_3_sample_rate_reduction.wav,7.071
5348024557503496_f2213_chunk_0_subchunk_1_QC1_4_silence_insertion.wav,38.221
5348024557502910_f242_chunk_8_subchunk_1_QC1_1_format_conversion.mp3,8.127
5348024557503072_f263_chunk_13_subchunk_1_QC1_2_corrupt_simulation.wav,0.0
5348024557503072_f263_chunk_1_subchunk_1_QC1_2_corrupt_simulation.wav,0.0
5348024557502745_f1094_chunk_0_subchunk_1_QC1_1_format_conversion.mp3,2.736
5348024557503604_f750_chunk_11_subchunk_1_QC1_5_upsampling_simulation.wav,5.823
5348024557503596_f133_chunk_7_subchunk_1_QC1_5_upsampling_simulation.wav,19.071
5348024557503535_f352_chunk_3_subchunk_1_QC1_4_silence_insertion.wav,38.127
5348024557503566_f1935_chunk_0_subchunk_1_QC1_4_silence_insertion.wav,39.552
5348024557502778_f403_chunk_19_subchunk_1_QC1_1_format_conversion.mp3,10.104
5348024557503263_f2088_chunk_0_subchunk_1_QC1_3_sample_rate_reduction.wav,5.423
5348024557503013_f103_chunk_7_subchunk_1_QC1_2_corrupt_simulation.wav,0.0
5348024557503041_f1565_chunk_0_subchunk_1_QC1_2_corrupt_simulation.wav,0.0
5348024557503725_f1690_chunk_0_subchunk_1_QC1_5_upsampling_simulation.wav,1.134
5348024557503604_f750_chunk_14_subchunk_1_QC1_5_upsampling_simulation.wav,8.607
5348024557503093_f1588_chunk_0_subchunk_1_QC1_2_corrupt_simulation.wav,0.0
5348024557503068_f185_chunk_2_subchunk_1_QC1_2_corrupt_simulation.wav,0.0
5348024557502778_f403_chunk_2_subchunk_1_QC1_1_format_conversion.mp3,8.607
5348024557503543_f579_chunk_11_subchunk_1_QC1_4_silence_insertion.wav,33.327
5348024557503009_f310_chunk_2_subchunk_1_QC1_2_corrupt_simulation.wav,0.0
5348024557503661_f632_chunk_16_subchunk_1_QC1_5_upsampling_simulation.wav,5.823
5348024557502997_f1805_chunk_0_subchunk_1_QC1_2_corrupt_simulation.wav,0.0
5348024557502784_f400_chunk_2_subchunk_1_QC1_1_format_conversion.mp3,8.223
5348024557502907_f252_chunk_8_subchunk_1_QC1_1_format_conversion.mp3,8.359
5348024557502923_f1557_chunk_1_subchunk_1_QC1_1_format_conversion.mp3,12.07
5348024557503725_f1690_chunk_3_subchunk_1_QC1_5_upsampling_simulation.wav,2.051
5348024557503195_f318_chunk_6_subchunk_1_QC1_3_sample_rate_reduction.wav,3.135
5348024557503656_f273_chunk_14_subchunk_1_QC1_5_upsampling_simulation.wav,10.718
5348024557503083_f1_chunk_2_subchunk_1_QC1_2_corrupt_simulation.wav,0.0
5348024557503010_f300_chunk_1_subchunk_1_QC1_2_corrupt_simulation.wav,0.0
5348024557503161_f1569_chunk_1_subchunk_1_QC1_3_sample_rate_reduction.wav,1.848
5348024557503182_f366_chunk_2_subchunk_1_QC1_3_sample_rate_reduction.wav,0.885
5348024557503742_f1551_chunk_0_subchunk_1_QC1_5_upsampling_simulation.wav,9.083
5348024557502784_f400_chunk_17_subchunk_1_QC1_1_format_conversion.mp3,14.981
5348024557502784_f400_chunk_8_subchunk_1_QC1_1_format_conversion.mp3,18.237
5348024557503536_f353_chunk_6_subchunk_1_QC1_4_silence_insertion.wav,50.776
5348024557503068_f185_chunk_5_subchunk_1_QC1_2_corrupt_simulation.wav,0.0
5348024557503536_f353_chunk_3_subchunk_1_QC1_4_silence_insertion.wav,31.503
5348024557503416_f607_chunk_4_subchunk_1_QC1_4_silence_insertion.wav,34.767
5348024557503361_f113_chunk_0_subchunk_1_QC1_3_sample_rate_reduction.wav,2.559
5348024557502784_f400_chunk_12_subchunk_1_QC1_1_format_conversion.mp3,4.958
5348024557503010_f300_chunk_2_subchunk_1_QC1_2_corrupt_simulation.wav,0.0
5348024557502910_f242_chunk_13_subchunk_1_QC1_1_format_conversion.mp3,12.447
5348024557503361_f113_chunk_2_subchunk_1_QC1_3_sample_rate_reduction.wav,10.527
5348024557503385_f786_chunk_0_subchunk_1_QC1_4_silence_insertion.wav,37.507
5348024557502908_f494_chunk_0_subchunk_1_QC1_1_format_conversion.mp3,4.958
5348024557502778_f403_chunk_22_subchunk_1_QC1_1_format_conversion.mp3,5.823
5348024557503549_f580_chunk_2_subchunk_1_QC1_4_silence_insertion.wav,37.02
5348024557502941_f1337_chunk_0_subchunk_1_QC1_2_corrupt_simulation.wav,0.0
5348024557503536_f353_chunk_8_subchunk_1_QC1_4_silence_insertion.wav,49.383
5348024557503569_f929_chunk_0_subchunk_1_QC1_4_silence_insertion.wav,38.579
5348024557503015_f306_chunk_11_subchunk_1_QC1_2_corrupt_simulation.wav,0.0
5348024557503737_f801_chunk_0_subchunk_1_QC1_5_upsampling_simulation.wav,11.262
5348024557503524_f581_chunk_8_subchunk_1_QC1_4_silence_insertion.wav,37.934
5348024557503637_f864_chunk_0_subchunk_1_QC1_5_upsampling_simulation.wav,0.508
5348024557503367_f364_chunk_6_subchunk_1_QC1_3_sample_rate_reduction.wav,7.166
5348024557503386_f1613_chunk_0_subchunk_1_QC1_4_silence_insertion.wav,35.932
5348024557503255_f588_chunk_6_subchunk_1_QC1_3_sample_rate_reduction.wav,17.407
5348024557503535_f352_chunk_13_subchunk_1_QC1_4_silence_insertion.wav,36.495
5348024557503100_f1887_chunk_0_subchunk_1_QC1_2_corrupt_simulation.wav,0.0
5348024557503656_f273_chunk_12_subchunk_1_QC1_5_upsampling_simulation.wav,0.965
5348024557503593_f360_chunk_4_subchunk_1_QC1_5_upsampling_simulation.wav,7.071
5348024557503300_f176_chunk_1_subchunk_1_QC1_3_sample_rate_reduction.wav,9.375
5348024557503543_f579_chunk_2_subchunk_1_QC1_4_silence_insertion.wav,34.959
5348024557503720_f605_chunk_4_subchunk_1_QC1_5_upsampling_simulation.wav,9.183
5348024557503472_f608_chunk_0_subchunk_1_QC1_4_silence_insertion.wav,33.711
5348024557503548_f350_chunk_0_subchunk_1_QC1_4_silence_insertion.wav,41.266
5348024557503477_f610_chunk_4_subchunk_1_QC1_4_silence_insertion.wav,38.937
5348024557502778_f403_chunk_28_subchunk_1_QC1_1_format_conversion.mp3,4.355
5348024557503705_f417_chunk_0_subchunk_1_QC1_5_upsampling_simulation.wav,4.011
5348024557503013_f103_chunk_1_subchunk_1_QC1_2_corrupt_simulation.wav,0.0
5348024557503593_f360_chunk_3_subchunk_1_QC1_5_upsampling_simulation.wav,5.919
5348024557502778_f403_chunk_18_subchunk_1_QC1_1_format_conversion.mp3,8.089
5348024557503640_f503_chunk_0_subchunk_1_QC1_5_upsampling_simulation.wav,7.359
5348024557502778_f403_chunk_5_subchunk_1_QC1_1_format_conversion.mp3,8.33
5348024557503543_f579_chunk_9_subchunk_1_QC1_4_silence_insertion.wav,36.903
5348024557503120_f330_chunk_1_subchunk_1_QC1_3_sample_rate_reduction.wav,0.831
5348024557503020_f301_chunk_8_subchunk_1_QC1_2_corrupt_simulation.wav,0.0
5348024557503604_f750_chunk_0_subchunk_1_QC1_5_upsampling_simulation.wav,5.535
5348024557503604_f750_chunk_25_subchunk_1_QC1_5_upsampling_simulation.wav,15.999
5348024557503024_f552_chunk_7_subchunk_1_QC1_2_corrupt_simulation.wav,0.0
5348024557503072_f263_chunk_11_subchunk_1_QC1_2_corrupt_simulation.wav,0.0
5348024557502897_f251_chunk_5_subchunk_1_QC1_1_format_conversion.mp3,10.718
5348024557503712_f418_chunk_5_subchunk_1_QC1_5_upsampling_simulation.wav,6.495
5348024557503477_f610_chunk_5_subchunk_1_QC1_4_silence_insertion.wav,32.81
5348024557502832_f226_chunk_3_subchunk_1_QC1_1_format_conversion.mp3,1.152
5348024557503712_f418_chunk_0_subchunk_1_QC1_5_upsampling_simulation.wav,7.359
5348024557503013_f103_chunk_6_subchunk_1_QC1_2_corrupt_simulation.wav,0.0
5348024557502832_f226_chunk_0_subchunk_1_QC1_1_format_conversion.mp3,4.959
5348024557502784_f400_chunk_10_subchunk_1_QC1_1_format_conversion.mp3,3.423
5348024557503011_f551_chunk_1_subchunk_1_QC1_2_corrupt_simulation.wav,0.0
5348024557502771_f402_chunk_1_subchunk_1_QC1_1_format_conversion.mp3,7.865
5348024557502983_f1802_chunk_0_subchunk_1_QC1_2_corrupt_simulation.wav,0.0
5348024557503487_f35_chunk_1_subchunk_1_QC1_4_silence_insertion.wav,34.672
5348024557503444_f1115_chunk_0_subchunk_1_QC1_4_silence_insertion.wav,35.894
5348024557502906_f625_chunk_2_subchunk_1_QC1_1_format_conversion.mp3,4.863
5348024557502910_f242_chunk_2_subchunk_1_QC1_1_format_conversion.mp3,9.567
5348024557502778_f403_chunk_8_subchunk_1_QC1_1_format_conversion.mp3,9.872
5348024557503535_f352_chunk_16_subchunk_1_QC1_4_silence_insertion.wav,42.031
5348024557503704_f419_chunk_0_subchunk_1_QC1_5_upsampling_simulation.wav,4.147
5348024557503181_f317_chunk_2_subchunk_1_QC1_3_sample_rate_reduction.wav,1.165
5348024557503536_f353_chunk_4_subchunk_1_QC1_4_silence_insertion.wav,37.027
5348024557502755_f2029_chunk_0_subchunk_1_QC1_1_format_conversion.mp3,11.711
5348024557503013_f103_chunk_8_subchunk_1_QC1_2_corrupt_simulation.wav,0.0
5348024557502860_f1510_chunk_0_subchunk_1_QC1_1_format_conversion.mp3,1.072
5348024557503083_f1_chunk_3_subchunk_1_QC1_2_corrupt_simulation.wav,0.0
5348024557503486_f36_chunk_2_subchunk_1_QC1_4_silence_insertion.wav,36.975
5348024557503068_f185_chunk_9_subchunk_1_QC1_2_corrupt_simulation.wav,0.0
5348024557503730_f1695_chunk_0_subchunk_1_QC1_5_upsampling_simulation.wav,2.115
5348024557503366_f114_chunk_4_subchunk_1_QC1_3_sample_rate_reduction.wav,16.382
5348024557503193_f258_chunk_3_subchunk_1_QC1_3_sample_rate_reduction.wav,8.319
5348024557503535_f352_chunk_10_subchunk_1_QC1_4_silence_insertion.wav,44.619
5348024557503534_f354_chunk_0_subchunk_1_QC1_4_silence_insertion.wav,40.143
5348024557502908_f494_chunk_12_subchunk_1_QC1_1_format_conversion.mp3,8.703
5348024557503573_f1930_chunk_0_subchunk_1_QC1_4_silence_insertion.wav,30.36
5348024557503561_f1926_chunk_0_subchunk_1_QC1_4_silence_insertion.wav,40.607
5348024557503306_f721_chunk_5_subchunk_1_QC1_3_sample_rate_reduction.wav,9.855
5348024557503242_f390_chunk_5_subchunk_1_QC1_3_sample_rate_reduction.wav,5.343
5348024557503712_f418_chunk_1_subchunk_1_QC1_5_upsampling_simulation.wav,4.286
5348024557503716_f15_chunk_2_subchunk_1_QC1_5_upsampling_simulation.wav,5.247
5348024557503242_f390_chunk_8_subchunk_1_QC1_3_sample_rate_reduction.wav,12.069
5348024557503119_f331_chunk_3_subchunk_1_QC1_2_corrupt_simulation.wav,0.0
5348024557503640_f503_chunk_2_subchunk_1_QC1_5_upsampling_simulation.wav,10.865
5348024557502964_f428_chunk_0_subchunk_1_QC1_2_corrupt_simulation.wav,0.0
5348024557503594_f361_chunk_2_subchunk_1_QC1_5_upsampling_simulation.wav,9.279
5348024557502903_f495_chunk_0_subchunk_1_QC1_1_format_conversion.mp3,11.583
5348024557503209_f951_chunk_0_subchunk_1_QC1_3_sample_rate_reduction.wav,3.482
5348024557502873_f1514_chunk_0_subchunk_1_QC1_1_format_conversion.mp3,12.942
5348024557503720_f605_chunk_10_subchunk_1_QC1_5_upsampling_simulation.wav,8.894
5348024557503419_f425_chunk_1_subchunk_1_QC1_4_silence_insertion.wav,41.391
5348024557503383_f1100_chunk_0_subchunk_1_QC1_4_silence_insertion.wav,33.649
5348024557502778_f403_chunk_16_subchunk_1_QC1_1_format_conversion.mp3,6.591
5348024557502778_f403_chunk_27_subchunk_1_QC1_1_format_conversion.mp3,15.519
5348024557503265_f2091_chunk_0_subchunk_1_QC1_3_sample_rate_reduction.wav,2.748
5348024557503661_f632_chunk_0_subchunk_1_QC1_5_upsampling_simulation.wav,19.502
5348024557503182_f366_chunk_0_subchunk_1_QC1_3_sample_rate_reduction.wav,0.858
5348024557503013_f103_chunk_10_subchunk_1_QC1_2_corrupt_simulation.wav,0.0
5348024557503428_f206_chunk_0_subchunk_1_QC1_4_silence_insertion.wav,35.439
5348024557502784_f400_chunk_0_subchunk_1_QC1_1_format_conversion.mp3,9.279
5348024557503245_f587_chunk_1_subchunk_1_QC1_3_sample_rate_reduction.wav,13.503
5348024557503720_f605_chunk_1_subchunk_1_QC1_5_upsampling_simulation.wav,9.663
5348024557503604_f750_chunk_4_subchunk_1_QC1_5_upsampling_simulation.wav,5.823
5348024557502980_f891_chunk_0_subchunk_1_QC1_2_corrupt_simulation.wav,0.0
5348024557503182_f366_chunk_1_subchunk_1_QC1_3_sample_rate_reduction.wav,0.735
5348024557503024_f552_chunk_15_subchunk_1_QC1_2_corrupt_simulation.wav,0.0
5348024557502906_f625_chunk_6_subchunk_1_QC1_1_format_conversion.mp3,8.044
5348024557503366_f114_chunk_6_subchunk_1_QC1_3_sample_rate_reduction.wav,7.359
5348024557502964_f428_chunk_1_subchunk_1_QC1_2_corrupt_simulation.wav,0.0
5348024557503072_f263_chunk_6_subchunk_1_QC1_2_corrupt_simulation.wav,0.0
5348024557503368_f568_chunk_5_subchunk_1_QC1_4_silence_insertion.wav,41.295
5348024557503367_f364_chunk_2_subchunk_1_QC1_3_sample_rate_reduction.wav,6.591
5348024557503389_f1598_chunk_0_subchunk_1_QC1_4_silence_insertion.wav,34.211
5348024557502910_f242_chunk_10_subchunk_1_QC1_1_format_conversion.mp3,4.99
5348024557503192_f254_chunk_0_subchunk_1_QC1_3_sample_rate_reduction.wav,11.391
5348024557503181_f317_chunk_3_subchunk_1_QC1_3_sample_rate_reduction.wav,0.814
5348024557503551_f1928_chunk_0_subchunk_1_QC1_4_silence_insertion.wav,35.986
5348024557502910_f242_chunk_6_subchunk_1_QC1_1_format_conversion.mp3,8.031
5348024557503082_f186_chunk_5_subchunk_1_QC1_2_corrupt_simulation.wav,0.0
5348024557502947_f38_chunk_1_subchunk_1_QC1_2_corrupt_simulation.wav,0.0
5348024557503255_f588_chunk_10_subchunk_1_QC1_3_sample_rate_reduction.wav,12.734
5348024557503501_f1912_chunk_0_subchunk_1_QC1_4_silence_insertion.wav,42.974
5348024557503741_f1692_chunk_0_subchunk_1_QC1_5_upsampling_simulation.wav,10.451
5348024557503083_f1_chunk_8_subchunk_1_QC1_2_corrupt_simulation.wav,0.0
5348024557502870_f1512_chunk_0_subchunk_1_QC1_1_format_conversion.mp3,5.4389375
5348024557503344_f1835_chunk_0_subchunk_1_QC1_3_sample_rate_reduction.wav,1.42
5348024557503367_f364_chunk_1_subchunk_1_QC1_3_sample_rate_reduction.wav,4.454
5348024557503596_f133_chunk_12_subchunk_1_QC1_5_upsampling_simulation.wav,8.607
5348024557503654_f270_chunk_3_subchunk_1_QC1_5_upsampling_simulation.wav,14.345
5348024557503024_f552_chunk_2_subchunk_1_QC1_2_corrupt_simulation.wav,0.0
5348024557503082_f186_chunk_10_subchunk_1_QC1_2_corrupt_simulation.wav,0.0
5348024557503596_f133_chunk_0_subchunk_1_QC1_5_upsampling_simulation.wav,5.595
5348024557503486_f36_chunk_1_subchunk_1_QC1_4_silence_insertion.wav,35.979
5348024557503367_f364_chunk_11_subchunk_1_QC1_3_sample_rate_reduction.wav,11.294
5348024557503472_f608_chunk_1_subchunk_1_QC1_4_silence_insertion.wav,33.308
5348024557502859_f1089_chunk_0_subchunk_1_QC1_1_format_conversion.mp3,2.352
5348024557503103_f2205_chunk_0_subchunk_1_QC1_2_corrupt_simulation.wav,0.0
5348024557503020_f301_chunk_7_subchunk_1_QC1_2_corrupt_simulation.wav,0.0
5348024557503015_f306_chunk_17_subchunk_1_QC1_2_corrupt_simulation.wav,0.0
5348024557503082_f186_chunk_9_subchunk_1_QC1_2_corrupt_simulation.wav,0.0
5348024557502773_f399_chunk_3_subchunk_1_QC1_1_format_conversion.mp3,0.808
5348024557503245_f587_chunk_5_subchunk_1_QC1_3_sample_rate_reduction.wav,13.214
5348024557503158_f1056_chunk_0_subchunk_1_QC1_3_sample_rate_reduction.wav,10.221
5348024557503524_f581_chunk_9_subchunk_1_QC1_4_silence_insertion.wav,42.927
5348024557503438_f1324_chunk_0_subchunk_1_QC1_4_silence_insertion.wav,38.216
5348024557503011_f551_chunk_2_subchunk_1_QC1_2_corrupt_simulation.wav,0.0
5348024557503624_f1673_chunk_0_subchunk_1_QC1_5_upsampling_simulation.wav,17.063
5348024557503604_f750_chunk_22_subchunk_1_QC1_5_upsampling_simulation.wav,8.031
5348024557503082_f186_chunk_7_subchunk_1_QC1_2_corrupt_simulation.wav,0.0
5348024557503676_f1254_chunk_0_subchunk_1_QC1_5_upsampling_simulation.wav,6.99
5348024557503419_f425_chunk_0_subchunk_1_QC1_4_silence_insertion.wav,32.463
5348024557502778_f403_chunk_1_subchunk_1_QC1_1_format_conversion.mp3,4.479
5348024557503524_f581_chunk_5_subchunk_1_QC1_4_silence_insertion.wav,40.718
5348024557503656_f273_chunk_4_subchunk_1_QC1_5_upsampling_simulation.wav,11.487
5348024557502784_f400_chunk_4_subchunk_1_QC1_1_format_conversion.mp3,10.143
5348024557503428_f206_chunk_3_subchunk_1_QC1_4_silence_insertion.wav,42.638
5348024557502897_f251_chunk_9_subchunk_1_QC1_1_format_conversion.mp3,8.607
5348024557502969_f355_chunk_0_subchunk_1_QC1_2_corrupt_simulation.wav,0.0
5348024557503680_f771_chunk_0_subchunk_1_QC1_5_upsampling_simulation.wav,4.821
5348024557503549_f580_chunk_8_subchunk_1_QC1_4_silence_insertion.wav,30.351
5348024557503604_f750_chunk_15_subchunk_1_QC1_5_upsampling_simulation.wav,8.127
5348024557502778_f403_chunk_6_subchunk_1_QC1_1_format_conversion.mp3,5.892
5348024557503367_f364_chunk_18_subchunk_1_QC1_3_sample_rate_reduction.wav,4.575
5348024557503543_f579_chunk_1_subchunk_1_QC1_4_silence_insertion.wav,30.543
5348024557503033_f1210_chunk_0_subchunk_1_QC1_2_corrupt_simulation.wav,0.0
5348024557503716_f15_chunk_4_subchunk_1_QC1_5_upsampling_simulation.wav,8.605
5348024557503583_f464_chunk_1_subchunk_1_QC1_4_silence_insertion.wav,32.943
5348024557503487_f35_chunk_2_subchunk_1_QC1_4_silence_insertion.wav,49.934
5348024557503238_f384_chunk_0_subchunk_1_QC1_3_sample_rate_reduction.wav,3.999
5348024557503510_f1914_chunk_0_subchunk_1_QC1_4_silence_insertion.wav,48.684
5348024557503407_f483_chunk_1_subchunk_1_QC1_4_silence_insertion.wav,41.967
5348024557502907_f252_chunk_1_subchunk_1_QC1_1_format_conversion.mp3,4.959
5348024557503535_f352_chunk_9_subchunk_1_QC1_4_silence_insertion.wav,34.559
5348024557502918_f1158_chunk_0_subchunk_1_QC1_1_format_conversion.mp3,3.33
5348024557503661_f632_chunk_14_subchunk_1_QC1_5_upsampling_simulation.wav,10.808
5348024557503611_f1204_chunk_0_subchunk_1_QC1_5_upsampling_simulation.wav,9.986
5348024557503549_f580_chunk_9_subchunk_1_QC1_4_silence_insertion.wav,33.592
5348024557503368_f568_chunk_2_subchunk_1_QC1_4_silence_insertion.wav,34.286
5348024557503181_f317_chunk_0_subchunk_1_QC1_3_sample_rate_reduction.wav,0.911
5348024557503290_f2101_chunk_0_subchunk_1_QC1_3_sample_rate_reduction.wav,0.547
5348024557503195_f318_chunk_2_subchunk_1_QC1_3_sample_rate_reduction.wav,0.735
5348024557503045_f1212_chunk_0_subchunk_1_QC1_2_corrupt_simulation.wav,0.0
5348024557502908_f494_chunk_11_subchunk_1_QC1_1_format_conversion.mp3,4.863
5348024557503549_f580_chunk_10_subchunk_1_QC1_4_silence_insertion.wav,44.765
5348024557503754_f802_chunk_0_subchunk_1_QC1_5_upsampling_simulation.wav,0.97
5348024557502897_f251_chunk_6_subchunk_1_QC1_1_format_conversion.mp3,11.199
5348024557503141_f123_chunk_2_subchunk_1_QC1_3_sample_rate_reduction.wav,5.718
5348024557502753_f1030_chunk_0_subchunk_1_QC1_1_format_conversion.mp3,7.336
5348024557503082_f186_chunk_1_subchunk_1_QC1_2_corrupt_simulation.wav,0.0
5348024557503300_f176_chunk_6_subchunk_1_QC1_3_sample_rate_reduction.wav,7.359
5348024557503656_f273_chunk_15_subchunk_1_QC1_5_upsampling_simulation.wav,7.262
5348024557503477_f610_chunk_3_subchunk_1_QC1_4_silence_insertion.wav,49.144
5348024557503604_f750_chunk_7_subchunk_1_QC1_5_upsampling_simulation.wav,6.399
5348024557503716_f15_chunk_7_subchunk_1_QC1_5_upsampling_simulation.wav,14.271
5348024557502739_f960_chunk_0_subchunk_1_QC1_1_format_conversion.mp3,11.643
5348024557502963_f429_chunk_1_subchunk_1_QC1_2_corrupt_simulation.wav,0.0
5348024557503365_f365_chunk_9_subchunk_1_QC1_3_sample_rate_reduction.wav,5.326
5348024557503242_f390_chunk_0_subchunk_1_QC1_3_sample_rate_reduction.wav,11.487
5348024557503656_f273_chunk_7_subchunk_1_QC1_5_upsampling_simulation.wav,12.875
5348024557502778_f403_chunk_7_subchunk_1_QC1_1_format_conversion.mp3,3.0129375
5348024557502897_f251_chunk_1_subchunk_1_QC1_1_format_conversion.mp3,7.771
5348024557503593_f360_chunk_6_subchunk_1_QC1_5_upsampling_simulation.wav,9.092
5348024557503416_f607_chunk_1_subchunk_1_QC1_4_silence_insertion.wav,37.263
5348024557503543_f579_chunk_4_subchunk_1_QC1_4_silence_insertion.wav,35.181
5348024557502773_f399_chunk_2_subchunk_1_QC1_1_format_conversion.mp3,0.585
5348024557502865_f1517_chunk_0_subchunk_1_QC1_1_format_conversion.mp3,4.453
5348024557503604_f750_chunk_5_subchunk_1_QC1_5_upsampling_simulation.wav,6.687
5348024557503593_f360_chunk_0_subchunk_1_QC1_5_upsampling_simulation.wav,1.887
5348024557502908_f494_chunk_10_subchunk_1_QC1_1_format_conversion.mp3,4.383
5348024557502799_f1661_chunk_0_subchunk_1_QC1_1_format_conversion.mp3,16.423
5348024557503465_f427_chunk_0_subchunk_1_QC1_4_silence_insertion.wav,42.75
5348024557503284_f2095_chunk_0_subchunk_1_QC1_3_sample_rate_reduction.wav,0.661
5348024557502766_f2036_chunk_0_subchunk_1_QC1_1_format_conversion.mp3,0.768
5348024557503198_f319_chunk_3_subchunk_1_QC1_3_sample_rate_reduction.wav,4.479
5348024557503549_f580_chunk_1_subchunk_1_QC1_4_silence_insertion.wav,39.792
5348024557503656_f273_chunk_8_subchunk_1_QC1_5_upsampling_simulation.wav,7.826
5348024557503141_f123_chunk_0_subchunk_1_QC1_3_sample_rate_reduction.wav,8.223
5348024557502858_f1509_chunk_0_subchunk_1_QC1_1_format_conversion.mp3,7.0949375
5348024557503010_f300_chunk_0_subchunk_1_QC1_2_corrupt_simulation.wav,0.0
5348024557503262_f2089_chunk_0_subchunk_1_QC1_3_sample_rate_reduction.wav,3.545
5348024557502930_f1657_chunk_0_subchunk_1_QC1_2_corrupt_simulation.wav,0.0
5348024557502897_f251_chunk_11_subchunk_1_QC1_1_format_conversion.mp3,5.727
5348024557503010_f300_chunk_4_subchunk_1_QC1_2_corrupt_simulation.wav,0.0
5348024557502906_f625_chunk_3_subchunk_1_QC1_1_format_conversion.mp3,17.247
5348024557503238_f384_chunk_1_subchunk_1_QC1_3_sample_rate_reduction.wav,0.927
5348024557503357_f316_chunk_3_subchunk_1_QC1_3_sample_rate_reduction.wav,1.176
5348024557502778_f403_chunk_3_subchunk_1_QC1_1_format_conversion.mp3,7.744
5348024557503255_f588_chunk_2_subchunk_1_QC1_3_sample_rate_reduction.wav,0.543
5348024557502987_f1803_chunk_0_subchunk_1_QC1_2_corrupt_simulation.wav,0.0
5348024557503393_f1307_chunk_0_subchunk_1_QC1_4_silence_insertion.wav,39.641
5348024557503660_f269_chunk_1_subchunk_1_QC1_5_upsampling_simulation.wav,15.983
5348024557502778_f403_chunk_4_subchunk_1_QC1_1_format_conversion.mp3,6.425
5348024557503596_f133_chunk_9_subchunk_1_QC1_5_upsampling_simulation.wav,5.863
5348024557503660_f269_chunk_0_subchunk_1_QC1_5_upsampling_simulation.wav,11.167
5348024557503195_f318_chunk_3_subchunk_1_QC1_3_sample_rate_reduction.wav,8.51
5348024557503083_f1_chunk_4_subchunk_1_QC1_2_corrupt_simulation.wav,0.0
5348024557502976_f1807_chunk_0_subchunk_1_QC1_2_corrupt_simulation.wav,0.0
5348024557503549_f580_chunk_0_subchunk_1_QC1_4_silence_insertion.wav,40.526
5348024557502778_f403_chunk_21_subchunk_1_QC1_1_format_conversion.mp3,8.5
5348024557503647_f268_chunk_0_subchunk_1_QC1_5_upsampling_simulation.wav,5.972
5348024557502896_f496_chunk_1_subchunk_1_QC1_1_format_conversion.mp3,7.647
5348024557502778_f403_chunk_24_subchunk_1_QC1_1_format_conversion.mp3,5.055
5348024557503053_f1213_chunk_0_subchunk_1_QC1_2_corrupt_simulation.wav,0.0
5348024557502972_f2155_chunk_0_subchunk_1_QC1_2_corrupt_simulation.wav,0.0
5348024557503536_f353_chunk_1_subchunk_1_QC1_4_silence_insertion.wav,31.983
5348024557503716_f15_chunk_8_subchunk_1_QC1_5_upsampling_simulation.wav,17.727
5348024557503594_f361_chunk_0_subchunk_1_QC1_5_upsampling_simulation.wav,13.695
5348024557503304_f691_chunk_1_subchunk_1_QC1_3_sample_rate_reduction.wav,18.193
5348024557503195_f318_chunk_7_subchunk_1_QC1_3_sample_rate_reduction.wav,6.22
5348024557503237_f382_chunk_0_subchunk_1_QC1_3_sample_rate_reduction.wav,1.791
5348024557503300_f176_chunk_2_subchunk_1_QC1_3_sample_rate_reduction.wav,9.471
5348024557503534_f354_chunk_3_subchunk_1_QC1_4_silence_insertion.wav,39.375
5348024557503654_f270_chunk_1_subchunk_1_QC1_5_upsampling_simulation.wav,18.991
5348024557503668_f1257_chunk_0_subchunk_1_QC1_5_upsampling_simulation.wav,9.717
5348024557502746_f2026_chunk_0_subchunk_1_QC1_1_format_conversion.mp3,3.113
5348024557503060_f405_chunk_2_subchunk_1_QC1_2_corrupt_simulation.wav,0.0
5348024557503015_f306_chunk_6_subchunk_1_QC1_2_corrupt_simulation.wav,0.0
5348024557502784_f400_chunk_18_subchunk_1_QC1_1_format_conversion.mp3,7.455
5348024557503273_f2093_chunk_0_subchunk_1_QC1_3_sample_rate_reduction.wav,5.703
5348024557503203_f2231_chunk_0_subchunk_1_QC1_3_sample_rate_reduction.wav,8.489
5348024557503524_f581_chunk_0_subchunk_1_QC1_4_silence_insertion.wav,34.479
5348024557503477_f610_chunk_1_subchunk_1_QC1_4_silence_insertion.wav,35.137
5348024557502907_f252_chunk_6_subchunk_1_QC1_1_format_conversion.mp3,3.731
5348024557503593_f360_chunk_2_subchunk_1_QC1_5_upsampling_simulation.wav,8.223
5348024557502778_f403_chunk_23_subchunk_1_QC1_1_format_conversion.mp3,10.413
5348024557503654_f270_chunk_0_subchunk_1_QC1_5_upsampling_simulation.wav,13.65375
5348024557503669_f1139_chunk_0_subchunk_1_QC1_5_upsampling_simulation.wav,14.008
5348024557503623_f861_chunk_0_subchunk_1_QC1_5_upsampling_simulation.wav,7.034
5348024557503072_f263_chunk_18_subchunk_1_QC1_2_corrupt_simulation.wav,0.0
5348024557503484_f209_chunk_2_subchunk_1_QC1_4_silence_insertion.wav,35.535
5348024557503535_f352_chunk_15_subchunk_1_QC1_4_silence_insertion.wav,36.705
5348024557503549_f580_chunk_4_subchunk_1_QC1_4_silence_insertion.wav,45.038
5348024557503367_f364_chunk_13_subchunk_1_QC1_3_sample_rate_reduction.wav,5.15
5348024557503535_f352_chunk_14_subchunk_1_QC1_4_silence_insertion.wav,39.384
5348024557503484_f209_chunk_5_subchunk_1_QC1_4_silence_insertion.wav,35.055
5348024557503534_f354_chunk_4_subchunk_1_QC1_4_silence_insertion.wav,34.42
5348024557503409_f30_chunk_3_subchunk_1_QC1_4_silence_insertion.wav,32.943
5348024557503010_f300_chunk_5_subchunk_1_QC1_2_corrupt_simulation.wav,0.0
5348024557503720_f605_chunk_3_subchunk_1_QC1_5_upsampling_simulation.wav,18.783
5348024557503357_f316_chunk_2_subchunk_1_QC1_3_sample_rate_reduction.wav,1.07
5348024557502897_f251_chunk_10_subchunk_1_QC1_1_format_conversion.mp3,4.099
5348024557502979_f1629_chunk_0_subchunk_1_QC1_2_corrupt_simulation.wav,0.0
5348024557503654_f270_chunk_4_subchunk_1_QC1_5_upsampling_simulation.wav,15.807
5348024557503509_f2159_chunk_0_subchunk_1_QC1_4_silence_insertion.wav,43.409
5348024557503428_f206_chunk_8_subchunk_1_QC1_4_silence_insertion.wav,32.691
5348024557503382_f785_chunk_0_subchunk_1_QC1_4_silence_insertion.wav,35.611
5348024557503443_f1678_chunk_2_subchunk_1_QC1_4_silence_insertion.wav,54.187
5348024557502778_f403_chunk_13_subchunk_1_QC1_1_format_conversion.mp3,5.439
5348024557503661_f632_chunk_10_subchunk_1_QC1_5_upsampling_simulation.wav,5.727
5348024557503120_f330_chunk_2_subchunk_1_QC1_3_sample_rate_reduction.wav,3.519
5348024557502910_f242_chunk_0_subchunk_1_QC1_1_format_conversion.mp3,4.863
5348024557503494_f1915_chunk_0_subchunk_1_QC1_4_silence_insertion.wav,43.177
5348024557503720_f605_chunk_0_subchunk_1_QC1_5_upsampling_simulation.wav,11.102
5348024557503072_f263_chunk_7_subchunk_1_QC1_2_corrupt_simulation.wav,0.0
5348024557503664_f502_chunk_0_subchunk_1_QC1_5_upsampling_simulation.wav,18.747
5348024557503325_f896_chunk_0_subchunk_1_QC1_3_sample_rate_reduction.wav,4.78
5348024557503536_f353_chunk_5_subchunk_1_QC1_4_silence_insertion.wav,39.759
5348024557502847_f615_chunk_1_subchunk_1_QC1_1_format_conversion.mp3,10.815
5348024557503396_f1306_chunk_0_subchunk_1_QC1_4_silence_insertion.wav,45.327
5348024557502908_f494_chunk_2_subchunk_1_QC1_1_format_conversion.mp3,8.511
5348024557503193_f258_chunk_4_subchunk_1_QC1_3_sample_rate_reduction.wav,9.182
5348024557503206_f2160_chunk_0_subchunk_1_QC1_3_sample_rate_reduction.wav,12.476
5348024557503484_f209_chunk_0_subchunk_1_QC1_4_silence_insertion.wav,39.152
5348024557503151_f1839_chunk_0_subchunk_1_QC1_3_sample_rate_reduction.wav,4.579
5348024557503009_f310_chunk_3_subchunk_1_QC1_2_corrupt_simulation.wav,0.0
5348024557502826_f1417_chunk_0_subchunk_1_QC1_1_format_conversion.mp3,1.0109375
5348024557503604_f750_chunk_9_subchunk_1_QC1_5_upsampling_simulation.wav,7.647
5348024557503656_f273_chunk_6_subchunk_1_QC1_5_upsampling_simulation.wav,3.665
5348024557502832_f226_chunk_1_subchunk_1_QC1_1_format_conversion.mp3,1.069
5348024557503593_f360_chunk_1_subchunk_1_QC1_5_upsampling_simulation.wav,7.743
5348024557503020_f301_chunk_6_subchunk_1_QC1_2_corrupt_simulation.wav,0.0
5348024557503596_f133_chunk_6_subchunk_1_QC1_5_upsampling_simulation.wav,9.17
5348024557502784_f400_chunk_16_subchunk_1_QC1_1_format_conversion.mp3,7.263
5348024557503232_f2010_chunk_0_subchunk_1_QC1_3_sample_rate_reduction.wav,0.616
5348024557502910_f242_chunk_4_subchunk_1_QC1_1_format_conversion.mp3,4.891
5348024557503195_f318_chunk_4_subchunk_1_QC1_3_sample_rate_reduction.wav,0.927
5348024557503178_f115_chunk_1_subchunk_1_QC1_3_sample_rate_reduction.wav,0.735
5348024557502740_f961_chunk_0_subchunk_1_QC1_1_format_conversion.mp3,12.044
5348024557503024_f552_chunk_6_subchunk_1_QC1_2_corrupt_simulation.wav,0.0
5348024557503096_f1023_chunk_0_subchunk_1_QC1_2_corrupt_simulation.wav,0.0
5348024557502853_f60_chunk_1_subchunk_1_QC1_1_format_conversion.mp3,15.9
5348024557503024_f552_chunk_0_subchunk_1_QC1_2_corrupt_simulation.wav,0.0
5348024557503604_f750_chunk_20_subchunk_1_QC1_5_upsampling_simulation.wav,6.879
5348024557503596_f133_chunk_8_subchunk_1_QC1_5_upsampling_simulation.wav,4.286
5348024557503270_f2092_chunk_0_subchunk_1_QC1_3_sample_rate_reduction.wav,3.041
5348024557503720_f605_chunk_5_subchunk_1_QC1_5_upsampling_simulation.wav,5.78
5348024557503072_f263_chunk_17_subchunk_1_QC1_2_corrupt_simulation.wav,0.0
5348024557503535_f352_chunk_8_subchunk_1_QC1_4_silence_insertion.wav,33.7319375
5348024557503656_f273_chunk_10_subchunk_1_QC1_5_upsampling_simulation.wav,5.343
5348024557503596_f133_chunk_3_subchunk_1_QC1_5_upsampling_simulation.wav,5.727
5348024557503083_f1_chunk_9_subchunk_1_QC1_2_corrupt_simulation.wav,0.0
5348024557503443_f1678_chunk_0_subchunk_1_QC1_4_silence_insertion.wav,47.727
5348024557502896_f496_chunk_8_subchunk_1_QC1_1_format_conversion.mp3,6.591
5348024557503543_f579_chunk_12_subchunk_1_QC1_4_silence_insertion.wav,44.513
5348024557503604_f750_chunk_12_subchunk_1_QC1_5_upsampling_simulation.wav,5.439
5348024557503524_f581_chunk_6_subchunk_1_QC1_4_silence_insertion.wav,33.134
5348024557503486_f36_chunk_3_subchunk_1_QC1_4_silence_insertion.wav,43.949
5348024557502747_f2027_chunk_0_subchunk_1_QC1_1_format_conversion.mp3,3.154
5348024557503368_f568_chunk_4_subchunk_1_QC1_4_silence_insertion.wav,34.575
5348024557503366_f114_chunk_0_subchunk_1_QC1_3_sample_rate_reduction.wav,2.082
5348024557503597_f132_chunk_0_subchunk_1_QC1_5_upsampling_simulation.wav,5.247
5348024557503363_f458_chunk_0_subchunk_1_QC1_3_sample_rate_reduction.wav,7.935
5348024557503020_f301_chunk_5_subchunk_1_QC1_2_corrupt_simulation.wav,0.0
5348024557503212_f1592_chunk_0_subchunk_1_QC1_3_sample_rate_reduction.wav,3.327
5348024557502778_f403_chunk_9_subchunk_1_QC1_1_format_conversion.mp3,5.054
5348024557503487_f35_chunk_4_subchunk_1_QC1_4_silence_insertion.wav,39.478
5348024557503661_f632_chunk_1_subchunk_1_QC1_5_upsampling_simulation.wav,7.596
5348024557502907_f252_chunk_3_subchunk_1_QC1_1_format_conversion.mp3,7.551
5348024557503218_f2005_chunk_0_subchunk_1_QC1_3_sample_rate_reduction.wav,8.993
5348024557503295_f746_chunk_2_subchunk_1_QC1_3_sample_rate_reduction.wav,3.072
5348024557503024_f552_chunk_9_subchunk_1_QC1_2_corrupt_simulation.wav,0.0
5348024557503367_f364_chunk_16_subchunk_1_QC1_3_sample_rate_reduction.wav,5.982
5348024557503020_f301_chunk_4_subchunk_1_QC1_2_corrupt_simulation.wav,0.0
5348024557502907_f252_chunk_5_subchunk_1_QC1_1_format_conversion.mp3,9.855
5348024557503549_f580_chunk_11_subchunk_1_QC1_4_silence_insertion.wav,35.343
5348024557503038_f1211_chunk_0_subchunk_1_QC1_2_corrupt_simulation.wav,0.0
5348024557503407_f483_chunk_0_subchunk_1_QC1_4_silence_insertion.wav,37.359
5348024557503543_f579_chunk_3_subchunk_1_QC1_4_silence_insertion.wav,31.257
5348024557503072_f263_chunk_12_subchunk_1_QC1_2_corrupt_simulation.wav,0.0
5348024557503604_f750_chunk_17_subchunk_1_QC1_5_upsampling_simulation.wav,8.127
5348024557503515_f1921_chunk_0_subchunk_1_QC1_4_silence_insertion.wav,30.978
5348024557503024_f552_chunk_4_subchunk_1_QC1_2_corrupt_simulation.wav,0.0
5348024557503167_f901_chunk_0_subchunk_1_QC1_3_sample_rate_reduction.wav,1.183
5348024557503604_f750_chunk_27_subchunk_1_QC1_5_upsampling_simulation.wav,11.006
5348024557503524_f581_chunk_7_subchunk_1_QC1_4_silence_insertion.wav,36.014
5348024557502908_f494_chunk_5_subchunk_1_QC1_1_format_conversion.mp3,7.551
5348024557502784_f400_chunk_14_subchunk_1_QC1_1_format_conversion.mp3,19.343
5348024557503335_f1840_chunk_0_subchunk_1_QC1_3_sample_rate_reduction.wav,8.791
5348024557503428_f206_chunk_7_subchunk_1_QC1_4_silence_insertion.wav,43.118
5348024557503365_f365_chunk_3_subchunk_1_QC1_3_sample_rate_reduction.wav,8.319
5348024557503024_f552_chunk_14_subchunk_1_QC1_2_corrupt_simulation.wav,0.0
5348024557503596_f133_chunk_5_subchunk_1_QC1_5_upsampling_simulation.wav,7.803
5348024557503664_f502_chunk_1_subchunk_1_QC1_5_upsampling_simulation.wav,7.359
5348024557503367_f364_chunk_12_subchunk_1_QC1_3_sample_rate_reduction.wav,9.951
5348024557502963_f429_chunk_0_subchunk_1_QC1_2_corrupt_simulation.wav,0.0
5348024557503072_f263_chunk_8_subchunk_1_QC1_2_corrupt_simulation.wav,0.0
5348024557502897_f251_chunk_7_subchunk_1_QC1_1_format_conversion.mp3,6.888
5348024557502784_f400_chunk_6_subchunk_1_QC1_1_format_conversion.mp3,4.383
5348024557503729_f1594_chunk_0_subchunk_1_QC1_5_upsampling_simulation.wav,3.579
5348024557503583_f464_chunk_2_subchunk_1_QC1_4_silence_insertion.wav,30.927
5348024557503255_f588_chunk_0_subchunk_1_QC1_3_sample_rate_reduction.wav,13.887
5348024557503685_f1258_chunk_0_subchunk_1_QC1_5_upsampling_simulation.wav,5.555
5348024557503712_f418_chunk_3_subchunk_1_QC1_5_upsampling_simulation.wav,4.575
5348024557503011_f551_chunk_4_subchunk_1_QC1_2_corrupt_simulation.wav,0.0
5348024557503020_f301_chunk_0_subchunk_1_QC1_2_corrupt_simulation.wav,0.0
5348024557503435_f1325_chunk_0_subchunk_1_QC1_4_silence_insertion.wav,41.583
5348024557503604_f750_chunk_28_subchunk_1_QC1_5_upsampling_simulation.wav,5.727
5348024557503484_f209_chunk_1_subchunk_1_QC1_4_silence_insertion.wav,36.783
5348024557503755_f216_chunk_2_subchunk_1_QC1_5_upsampling_simulation.wav,11.203
5348024557503015_f306_chunk_12_subchunk_1_QC1_2_corrupt_simulation.wav,0.0
5348024557503060_f405_chunk_3_subchunk_1_QC1_2_corrupt_simulation.wav,0.0
5348024557502896_f496_chunk_6_subchunk_1_QC1_1_format_conversion.mp3,9.278
5348024557503443_f1678_chunk_1_subchunk_1_QC1_4_silence_insertion.wav,35.74
5348024557503323_f897_chunk_0_subchunk_1_QC1_3_sample_rate_reduction.wav,2.713
5348024557503065_f2_chunk_1_subchunk_1_QC1_2_corrupt_simulation.wav,0.0
5348024557503181_f317_chunk_4_subchunk_1_QC1_3_sample_rate_reduction.wav,1.506
5348024557502913_f1625_chunk_0_subchunk_1_QC1_1_format_conversion.mp3,5.973
5348024557503712_f418_chunk_4_subchunk_1_QC1_5_upsampling_simulation.wav,6.783
5348024557503535_f352_chunk_4_subchunk_1_QC1_4_silence_insertion.wav,38.511
5348024557503604_f750_chunk_8_subchunk_1_QC1_5_upsampling_simulation.wav,2.845
5348024557503660_f269_chunk_4_subchunk_1_QC1_5_upsampling_simulation.wav,2.943
5348024557503409_f30_chunk_4_subchunk_1_QC1_4_silence_insertion.wav,30.447
5348024557502778_f403_chunk_10_subchunk_1_QC1_1_format_conversion.mp3,6.111
5348024557503337_f2139_chunk_0_subchunk_1_QC1_3_sample_rate_reduction.wav,15.827
5348024557502927_f1334_chunk_0_subchunk_1_QC1_1_format_conversion.mp3,9.086
5348024557503366_f114_chunk_2_subchunk_1_QC1_3_sample_rate_reduction.wav,7.071
5348024557503024_f552_chunk_17_subchunk_1_QC1_2_corrupt_simulation.wav,0.0
5348024557503686_f1259_chunk_0_subchunk_1_QC1_5_upsampling_simulation.wav,12.599
5348024557503366_f114_chunk_1_subchunk_1_QC1_3_sample_rate_reduction.wav,7.935
5348024557503365_f365_chunk_8_subchunk_1_QC1_3_sample_rate_reduction.wav,4.383
5348024557502990_f1804_chunk_0_subchunk_1_QC1_2_corrupt_simulation.wav,0.0
5348024557502952_f485_chunk_0_subchunk_1_QC1_2_corrupt_simulation.wav,0.0
5348024557503195_f318_chunk_8_subchunk_1_QC1_3_sample_rate_reduction.wav,0.927
5348024557503255_f588_chunk_9_subchunk_1_QC1_3_sample_rate_reduction.wav,12.343
5348024557503535_f352_chunk_12_subchunk_1_QC1_4_silence_insertion.wav,48.975
5348024557503068_f185_chunk_7_subchunk_1_QC1_2_corrupt_simulation.wav,0.0
5348024557503013_f103_chunk_2_subchunk_1_QC1_2_corrupt_simulation.wav,0.0
5348024557503198_f319_chunk_2_subchunk_1_QC1_3_sample_rate_reduction.wav,16.958
5348024557502998_f1806_chunk_0_subchunk_1_QC1_2_corrupt_simulation.wav,0.0
5348024557503712_f418_chunk_6_subchunk_1_QC1_5_upsampling_simulation.wav,4.767
5348024557503534_f354_chunk_1_subchunk_1_QC1_4_silence_insertion.wav,47.439
5348024557503682_f1263_chunk_0_subchunk_1_QC1_5_upsampling_simulation.wav,6.385
5348024557503442_f1326_chunk_0_subchunk_1_QC1_4_silence_insertion.wav,33.408
5348024557502773_f399_chunk_1_subchunk_1_QC1_1_format_conversion.mp3,1.0029375
5348024557502896_f496_chunk_5_subchunk_1_QC1_1_format_conversion.mp3,6.4829375
5348024557502809_f1409_chunk_0_subchunk_1_QC1_1_format_conversion.mp3,2.099
5348024557503072_f263_chunk_4_subchunk_1_QC1_2_corrupt_simulation.wav,0.0
5348024557503020_f301_chunk_12_subchunk_1_QC1_2_corrupt_simulation.wav,0.0
5348024557503604_f750_chunk_10_subchunk_1_QC1_5_upsampling_simulation.wav,13.118
5348024557502908_f494_chunk_6_subchunk_1_QC1_1_format_conversion.mp3,5.535
5348024557503554_f1923_chunk_0_subchunk_1_QC1_4_silence_insertion.wav,39.505
5348024557503193_f258_chunk_0_subchunk_1_QC1_3_sample_rate_reduction.wav,5.343
5348024557503088_f914_chunk_0_subchunk_1_QC1_2_corrupt_simulation.wav,0.0
5348024557503015_f306_chunk_4_subchunk_1_QC1_2_corrupt_simulation.wav,0.0
5348024557503245_f587_chunk_3_subchunk_1_QC1_3_sample_rate_reduction.wav,8.319
5348024557503192_f254_chunk_2_subchunk_1_QC1_3_sample_rate_reduction.wav,18.303
5348024557503039_f1607_chunk_0_subchunk_1_QC1_2_corrupt_simulation.wav,0.0
5348024557502884_f1515_chunk_0_subchunk_1_QC1_1_format_conversion.mp3,0.628
5348024557503664_f502_chunk_4_subchunk_1_QC1_5_upsampling_simulation.wav,3.034
5348024557503505_f1913_chunk_0_subchunk_1_QC1_4_silence_insertion.wav,42.252
5348024557502910_f242_chunk_11_subchunk_1_QC1_1_format_conversion.mp3,5.571
5348024557503583_f464_chunk_3_subchunk_1_QC1_4_silence_insertion.wav,31.453
5348024557503593_f360_chunk_5_subchunk_1_QC1_5_upsampling_simulation.wav,9.741
5348024557503009_f310_chunk_1_subchunk_1_QC1_2_corrupt_simulation.wav,0.0
5348024557503367_f364_chunk_8_subchunk_1_QC1_4_silence_insertion.wav,34.505
5348024557503661_f632_chunk_15_subchunk_1_QC1_5_upsampling_simulation.wav,3.608
5348024557503072_f263_chunk_9_subchunk_1_QC1_2_corrupt_simulation.wav,0.0
5348024557503367_f364_chunk_19_subchunk_1_QC1_3_sample_rate_reduction.wav,18.652
5348024557502833_f614_chunk_0_subchunk_1_QC1_1_format_conversion.mp3,2.313
5348024557503661_f632_chunk_13_subchunk_1_QC1_5_upsampling_simulation.wav,6.591
5348024557502856_f1066_chunk_0_subchunk_1_QC1_1_format_conversion.mp3,13.661
5348024557503656_f273_chunk_0_subchunk_1_QC1_5_upsampling_simulation.wav,5.151
5348024557503377_f1309_chunk_0_subchunk_1_QC1_4_silence_insertion.wav,34.287
5348024557503543_f579_chunk_6_subchunk_1_QC1_4_silence_insertion.wav,40.143
5348024557503535_f352_chunk_11_subchunk_1_QC1_4_silence_insertion.wav,34.575
5348024557503313_f744_chunk_1_subchunk_1_QC1_3_sample_rate_reduction.wav,4.575
5348024557503656_f273_chunk_3_subchunk_1_QC1_5_upsampling_simulation.wav,8.368
5348024557503604_f750_chunk_1_subchunk_1_QC1_5_upsampling_simulation.wav,0.735
5348024557503020_f301_chunk_1_subchunk_1_QC1_2_corrupt_simulation.wav,0.0
5348024557503656_f273_chunk_5_subchunk_1_QC1_5_upsampling_simulation.wav,11.871
5348024557503477_f610_chunk_0_subchunk_1_QC1_4_silence_insertion.wav,36.111
5348024557503524_f581_chunk_4_subchunk_1_QC1_4_silence_insertion.wav,41.871
5348024557503083_f1_chunk_7_subchunk_1_QC1_2_corrupt_simulation.wav,0.0
5348024557503660_f269_chunk_6_subchunk_1_QC1_5_upsampling_simulation.wav,5.166
5348024557503245_f587_chunk_4_subchunk_1_QC1_3_sample_rate_reduction.wav,8.415
5348024557502784_f400_chunk_3_subchunk_1_QC1_1_format_conversion.mp3,6.294
5348024557503313_f744_chunk_2_subchunk_1_QC1_3_sample_rate_reduction.wav,11.967
5348024557502752_f2028_chunk_0_subchunk_1_QC1_1_format_conversion.mp3,8.6429375
5348024557503543_f579_chunk_13_subchunk_1_QC1_4_silence_insertion.wav,44.832
5348024557503178_f115_chunk_3_subchunk_1_QC1_3_sample_rate_reduction.wav,0.639
5348024557503242_f390_chunk_4_subchunk_1_QC1_3_sample_rate_reduction.wav,8.649
5348024557503313_f744_chunk_0_subchunk_1_QC1_3_sample_rate_reduction.wav,15.23
5348024557503661_f632_chunk_9_subchunk_1_QC1_5_upsampling_simulation.wav,12.296
5348024557503661_f632_chunk_3_subchunk_1_QC1_5_upsampling_simulation.wav,6.24
5348024557502910_f242_chunk_14_subchunk_1_QC1_1_format_conversion.mp3,7.506
5348024557503419_f425_chunk_4_subchunk_1_QC1_4_silence_insertion.wav,34.479
5348024557503477_f610_chunk_2_subchunk_1_QC1_4_silence_insertion.wav,47.803
5348024557502808_f821_chunk_0_subchunk_1_QC1_1_format_conversion.mp3,6.778
5348024557503725_f1690_chunk_1_subchunk_1_QC1_5_upsampling_simulation.wav,2.006
5348024557503192_f254_chunk_1_subchunk_1_QC1_3_sample_rate_reduction.wav,6.11
5348024557503015_f306_chunk_8_subchunk_1_QC1_2_corrupt_simulation.wav,0.0
5348024557503585_f367_chunk_0_subchunk_1_QC1_5_upsampling_simulation.wav,6.665
5348024557503015_f306_chunk_14_subchunk_1_QC1_2_corrupt_simulation.wav,0.0
5348024557503419_f425_chunk_2_subchunk_1_QC1_4_silence_insertion.wav,38.031
5348024557503117_f673_chunk_3_subchunk_1_QC1_2_corrupt_simulation.wav,0.0
5348024557502845_f262_chunk_1_subchunk_1_QC1_1_format_conversion.mp3,8.319
5348024557503024_f552_chunk_11_subchunk_1_QC1_2_corrupt_simulation.wav,0.0
5348024557502906_f625_chunk_9_subchunk_1_QC1_1_format_conversion.mp3,6.303
5348024557503365_f365_chunk_5_subchunk_1_QC1_3_sample_rate_reduction.wav,11.679
5348024557503193_f258_chunk_1_subchunk_1_QC1_3_sample_rate_reduction.wav,3.726
5348024557502945_f431_chunk_0_subchunk_1_QC1_2_corrupt_simulation.wav,0.0
5348024557503524_f581_chunk_10_subchunk_1_QC1_4_silence_insertion.wav,35.902
5348024557503255_f588_chunk_3_subchunk_1_QC1_3_sample_rate_reduction.wav,10.069
5348024557502851_f59_chunk_1_subchunk_1_QC1_1_format_conversion.mp3,18.975
5348024557503255_f588_chunk_1_subchunk_1_QC1_3_sample_rate_reduction.wav,6.495
5348024557503617_f2165_chunk_0_subchunk_1_QC1_5_upsampling_simulation.wav,11.067
5348024557503660_f269_chunk_5_subchunk_1_QC1_5_upsampling_simulation.wav,11.903
5348024557503277_f980_chunk_0_subchunk_1_QC1_3_sample_rate_reduction.wav,8.073
5348024557503181_f317_chunk_1_subchunk_1_QC1_3_sample_rate_reduction.wav,1.061
5348024557503594_f361_chunk_3_subchunk_1_QC1_5_upsampling_simulation.wav,5.579
5348024557503031_f757_chunk_0_subchunk_1_QC1_2_corrupt_simulation.wav,0.0
5348024557503367_f364_chunk_15_subchunk_1_QC1_3_sample_rate_reduction.wav,16.287
5348024557503452_f1328_chunk_0_subchunk_1_QC1_4_silence_insertion.wav,37.506
5348024557502906_f625_chunk_0_subchunk_1_QC1_1_format_conversion.mp3,4.287
5348024557503363_f458_chunk_4_subchunk_1_QC1_3_sample_rate_reduction.wav,1.805
5348024557503331_f899_chunk_0_subchunk_1_QC1_3_sample_rate_reduction.wav,17.582
5348024557503242_f390_chunk_1_subchunk_1_QC1_3_sample_rate_reduction.wav,9.279
5348024557502853_f60_chunk_0_subchunk_1_QC1_1_format_conversion.mp3,7.263
5348024557502778_f403_chunk_29_subchunk_1_QC1_1_format_conversion.mp3,8.223
5348024557503604_f750_chunk_23_subchunk_1_QC1_5_upsampling_simulation.wav,5.535
5348024557502896_f496_chunk_9_subchunk_1_QC1_1_format_conversion.mp3,12.702
5348024557503391_f1310_chunk_0_subchunk_1_QC1_4_silence_insertion.wav,35.471
5348024557502897_f251_chunk_14_subchunk_1_QC1_1_format_conversion.mp3,7.596
5348024557502907_f252_chunk_10_subchunk_1_QC1_1_format_conversion.mp3,9.855
5348024557503597_f132_chunk_4_subchunk_1_QC1_5_upsampling_simulation.wav,6.399
5348024557503082_f186_chunk_2_subchunk_1_QC1_2_corrupt_simulation.wav,0.0
5348024557503195_f318_chunk_1_subchunk_1_QC1_3_sample_rate_reduction.wav,18.341
5348024557503198_f319_chunk_1_subchunk_1_QC1_3_sample_rate_reduction.wav,15.519
5348024557502784_f400_chunk_1_subchunk_1_QC1_1_format_conversion.mp3,5.439
5348024557503716_f15_chunk_1_subchunk_1_QC1_5_upsampling_simulation.wav,8.031
5348024557503535_f352_chunk_5_subchunk_1_QC1_4_silence_insertion.wav,30.927
5348024557503020_f301_chunk_3_subchunk_1_QC1_2_corrupt_simulation.wav,0.0
5348024557503367_f364_chunk_0_subchunk_1_QC1_3_sample_rate_reduction.wav,2.079
5348024557503013_f103_chunk_0_subchunk_1_QC1_2_corrupt_simulation.wav,0.0
5348024557503596_f133_chunk_13_subchunk_1_QC1_5_upsampling_simulation.wav,5.439
5348024557503340_f1836_chunk_0_subchunk_1_QC1_3_sample_rate_reduction.wav,1.42
5348024557503597_f132_chunk_2_subchunk_1_QC1_5_upsampling_simulation.wav,11.814
5348024557503214_f950_chunk_0_subchunk_1_QC1_3_sample_rate_reduction.wav,6.236
5348024557503480_f210_chunk_1_subchunk_1_QC1_4_silence_insertion.wav,49.167
5348024557502910_f242_chunk_3_subchunk_1_QC1_1_format_conversion.mp3,9.855
5348024557503024_f552_chunk_1_subchunk_1_QC1_2_corrupt_simulation.wav,0.0
5348024557503367_f364_chunk_10_subchunk_1_QC1_3_sample_rate_reduction.wav,7.07
5348024557503015_f306_chunk_3_subchunk_1_QC1_2_corrupt_simulation.wav,0.0
5348024557503419_f425_chunk_3_subchunk_1_QC1_4_silence_insertion.wav,40.143
5348024557503447_f791_chunk_0_subchunk_1_QC1_4_silence_insertion.wav,40.224
5348024557503534_f354_chunk_6_subchunk_1_QC1_4_silence_insertion.wav,31.31
5348024557503145_f1837_chunk_0_subchunk_1_QC1_3_sample_rate_reduction.wav,8.656
5348024557503626_f2134_chunk_0_subchunk_1_QC1_5_upsampling_simulation.wav,12.698
5348024557503543_f579_chunk_10_subchunk_1_QC1_4_silence_insertion.wav,42.337
5348024557502920_f1338_chunk_0_subchunk_1_QC1_1_format_conversion.mp3,2.611
5348024557503720_f605_chunk_6_subchunk_1_QC1_5_upsampling_simulation.wav,10.623
5348024557503024_f552_chunk_16_subchunk_1_QC1_2_corrupt_simulation.wav,0.0
5348024557503013_f103_chunk_9_subchunk_1_QC1_2_corrupt_simulation.wav,0.0
5348024557503024_f552_chunk_8_subchunk_1_QC1_2_corrupt_simulation.wav,0.0
5348024557502897_f251_chunk_0_subchunk_1_QC1_1_format_conversion.mp3,6.303
5348024557502928_f793_chunk_0_subchunk_1_QC1_2_corrupt_simulation.wav,0.0
5348024557503465_f427_chunk_1_subchunk_1_QC1_4_silence_insertion.wav,36.91
5348024557503024_f552_chunk_10_subchunk_1_QC1_2_corrupt_simulation.wav,0.0
5348024557502784_f400_chunk_7_subchunk_1_QC1_1_format_conversion.mp3,17.919
5348024557503120_f330_chunk_0_subchunk_1_QC1_2_corrupt_simulation.wav,0.0
5348024557503085_f188_chunk_0_subchunk_1_QC1_2_corrupt_simulation.wav,0.0
5348024557502784_f400_chunk_5_subchunk_1_QC1_1_format_conversion.mp3,4.769
5348024557503072_f263_chunk_19_subchunk_1_QC1_2_corrupt_simulation.wav,0.0
5348024557502906_f625_chunk_8_subchunk_1_QC1_1_format_conversion.mp3,8.387
5348024557503604_f750_chunk_30_subchunk_1_QC1_5_upsampling_simulation.wav,3.231
5348024557503712_f418_chunk_2_subchunk_1_QC1_5_upsampling_simulation.wav,7.934
5348024557503366_f114_chunk_5_subchunk_1_QC1_3_sample_rate_reduction.wav,7.263
5348024557503159_f1845_chunk_0_subchunk_1_QC1_3_sample_rate_reduction.wav,5.844
5348024557502906_f625_chunk_4_subchunk_1_QC1_1_format_conversion.mp3,23.295
5348024557502801_f820_chunk_0_subchunk_1_QC1_1_format_conversion.mp3,2.696
5348024557503757_f487_chunk_1_subchunk_1_QC1_5_upsampling_simulation.wav,3.538
5348024557502896_f496_chunk_3_subchunk_1_QC1_1_format_conversion.mp3,6.399
5348024557503082_f186_chunk_3_subchunk_1_QC1_2_corrupt_simulation.wav,0.0
5348024557503415_f29_chunk_2_subchunk_1_QC1_4_silence_insertion.wav,31.178
5348024557503654_f270_chunk_5_subchunk_1_QC1_5_upsampling_simulation.wav,4.383
5348024557503119_f331_chunk_1_subchunk_1_QC1_2_corrupt_simulation.wav,0.0
5348024557502883_f1516_chunk_0_subchunk_1_QC1_1_format_conversion.mp3,0.404
5348024557503367_f364_chunk_5_subchunk_1_QC1_3_sample_rate_reduction.wav,7.647
5348024557503011_f551_chunk_0_subchunk_1_QC1_2_corrupt_simulation.wav,0.0
5348024557503597_f132_chunk_3_subchunk_1_QC1_5_upsampling_simulation.wav,11.487
5348024557502932_f1335_chunk_0_subchunk_1_QC1_2_corrupt_simulation.wav,0.0
5348024557503757_f487_chunk_0_subchunk_1_QC1_5_upsampling_simulation.wav,6.399
5348024557502803_f819_chunk_0_subchunk_1_QC1_1_format_conversion.mp3,5.717
5348024557503534_f354_chunk_7_subchunk_1_QC1_4_silence_insertion.wav,32.683
5348024557503596_f133_chunk_1_subchunk_1_QC1_5_upsampling_simulation.wav,6.495
5348024557503217_f2235_chunk_0_subchunk_1_QC1_3_sample_rate_reduction.wav,5.445
5348024557502812_f1660_chunk_0_subchunk_1_QC1_1_format_conversion.mp3,15.723
