File Name,Number of Speakers,Speaker Durations
5348024557507376_f754_chunk_2_subchunk_1.wav,1,"{""SPEAKER_00"": 0.0019}"
5348024557507379_f2201_chunk_0_subchunk_1.wav,1,"{""SPEAKER_00"": 0.0027}"
5348024557507383_f913_chunk_0_subchunk_1.wav,1,"{""SPEAKER_00"": 0.001}"
5348024557507385_f912_chunk_0_subchunk_1.wav,1,"{""SPEAKER_00"": 0.0008}"
5348024557507386_f1627_chunk_0_subchunk_1.wav,1,"{""SPEAKER_00"": 0.0019}"
5348024557507389_f1880_chunk_0_subchunk_1.wav,2,"{""SPEAKER_00"": 0.001, ""SPEAKER_01"": 0.0001}"
5348024557507390_f1881_chunk_0_subchunk_1.wav,1,"{""SPEAKER_00"": 0.0018}"
5348024557507393_f2141_chunk_0_subchunk_1.wav,1,"{""SPEAKER_00"": 0.0026}"
5348024557507394_f1064_chunk_0_subchunk_1.wav,1,"{""SPEAKER_00"": 0.0034}"
5348024557507394_f1064_chunk_1_subchunk_1.wav,1,"{""SPEAKER_00"": 0.0026}"
5348024557507397_f1882_chunk_0_subchunk_1.wav,1,"{""SPEAKER_00"": 0.003}"
5348024557507398_f2204_chunk_0_subchunk_1.wav,2,"{""SPEAKER_01"": 0.0, ""SPEAKER_00"": 0.0002}"
5348024557507406_f1883_chunk_0_subchunk_1.wav,1,"{""SPEAKER_00"": 0.0002}"
5348024557507412_f121_chunk_0_subchunk_1.wav,1,"{""SPEAKER_00"": 0.0013}"
5348024557507422_f572_chunk_0_subchunk_1.wav,1,"{""SPEAKER_00"": 0.0021}"
5348024557507422_f572_chunk_1_subchunk_1.wav,1,"{""SPEAKER_00"": 0.0034}"
5348024557507422_f572_chunk_2_subchunk_1.wav,1,"{""SPEAKER_00"": 0.0025}"
5348024557507424_f573_chunk_0_subchunk_1.wav,1,"{""SPEAKER_00"": 0.0031}"
5348024557507424_f573_chunk_1_subchunk_1.wav,1,"{""SPEAKER_00"": 0.0034}"
5348024557507424_f573_chunk_2_subchunk_1.wav,1,"{""SPEAKER_00"": 0.0023}"
5348024557507425_f329_chunk_0_subchunk_1.wav,1,"{""SPEAKER_00"": 0.0046}"
5348024557507425_f329_chunk_1_subchunk_1.wav,1,"{""SPEAKER_00"": 0.0038}"
5348024557507426_f575_chunk_0_subchunk_1.wav,1,"{""SPEAKER_00"": 0.0047}"
5348024557507426_f575_chunk_1_subchunk_1.wav,1,"{""SPEAKER_00"": 0.0031}"
5348024557507426_f575_chunk_2_subchunk_1.wav,1,"{""SPEAKER_00"": 0.0017}"
5348024557507426_f575_chunk_3_subchunk_1.wav,1,"{""SPEAKER_00"": 0.0018}"
5348024557507426_f575_chunk_4_subchunk_1.wav,1,"{""SPEAKER_00"": 0.004}"
5348024557507426_f575_chunk_5_subchunk_1.wav,1,"{""SPEAKER_00"": 0.0034}"
5348024557507432_f574_chunk_0_subchunk_1.wav,1,"{""SPEAKER_00"": 0.0045}"
5348024557507432_f574_chunk_1_subchunk_1.wav,1,"{""SPEAKER_00"": 0.004}"
5348024557507432_f574_chunk_2_subchunk_1.wav,1,"{""SPEAKER_00"": 0.0032}"
5348024557507432_f574_chunk_3_subchunk_1.wav,1,"{""SPEAKER_00"": 0.0031}"
5348024557507432_f574_chunk_4_subchunk_1.wav,1,"{""SPEAKER_00"": 0.0028}"
5348024557507435_f122_chunk_0_subchunk_1.wav,1,"{""SPEAKER_00"": 0.0041}"
5348024557507435_f122_chunk_1_subchunk_1.wav,1,"{""SPEAKER_00"": 0.0034}"
5348024557507435_f122_chunk_2_subchunk_1.wav,1,"{""SPEAKER_00"": 0.0042}"
5348024557507435_f122_chunk_3_subchunk_1.wav,1,"{""SPEAKER_00"": 0.0028}"
5348024557507436_f1610_chunk_0_subchunk_1.wav,1,"{""SPEAKER_00"": 0.0014}"
5348024557507438_f2202_chunk_0_subchunk_1.wav,1,"{""SPEAKER_00"": 0.0024}"
5348024557507440_f1080_chunk_0_subchunk_1.wav,1,"{""SPEAKER_00"": 0.0004}"
5348024557507441_f1879_chunk_0_subchunk_1.wav,1,"{""SPEAKER_00"": 0.0006}"
5348024557507445_f1873_chunk_0_subchunk_1.wav,1,"{""SPEAKER_00"": 0.0014}"
5348024557507447_f911_chunk_0_subchunk_1.wav,1,"{""SPEAKER_00"": 0.0015}"
5348024557507450_f1572_chunk_0_subchunk_1.wav,1,"{""SPEAKER_00"": 0.0032}"
5348024557507451_f1874_chunk_0_subchunk_1.wav,1,"{""SPEAKER_00"": 0.0026}"
5348024557507452_f1875_chunk_0_subchunk_1.wav,1,"{""SPEAKER_00"": 0.0029}"
5348024557507455_f1876_chunk_0_subchunk_1.wav,1,"{""SPEAKER_00"": 0.0031}"
5348024557507459_f1878_chunk_0_subchunk_1.wav,1,"{""SPEAKER_00"": 0.0002}"
5348024557507460_f1877_chunk_0_subchunk_1.wav,1,"{""SPEAKER_00"": 0.0002}"
5348024557507466_f326_chunk_0_subchunk_1.wav,1,"{""SPEAKER_00"": 0.0024}"
5348024557507467_f652_chunk_0_subchunk_1.wav,1,"{""SPEAKER_00"": 0.0011}"
5348024557507467_f652_chunk_1_subchunk_1.wav,1,"{""SPEAKER_00"": 0.0014}"
5348024557507467_f652_chunk_2_subchunk_1.wav,2,"{""SPEAKER_01"": 0.0001, ""SPEAKER_00"": 0.001}"
5348024557507495_f1035_chunk_0_subchunk_1.wav,1,"{""SPEAKER_00"": 0.002}"
5348024557507495_f1035_chunk_1_subchunk_1.wav,1,"{""SPEAKER_00"": 0.0033}"
5348024557507495_f1035_chunk_2_subchunk_1.wav,1,"{""SPEAKER_00"": 0.0009}"
5348024557507495_f1035_chunk_3_subchunk_1.wav,1,"{""SPEAKER_00"": 0.0006}"
5348024557507498_f1016_chunk_0_subchunk_1.wav,1,"{""SPEAKER_00"": 0.0011}"
5348024557507500_f1216_chunk_0_subchunk_1.wav,1,"{""SPEAKER_00"": 0.0007}"
5348024557507503_f758_chunk_0_subchunk_1.wav,1,"{""SPEAKER_00"": 0.0041}"
5348024557507504_f1217_chunk_0_subchunk_1.wav,1,"{""SPEAKER_00"": 0.0027}"
5348024557507508_f762_chunk_0_subchunk_1.wav,1,"{""SPEAKER_00"": 0.0016}"
5348024557507509_f1214_chunk_0_subchunk_1.wav,1,"{""SPEAKER_00"": 0.0033}"
5348024557507509_f1214_chunk_1_subchunk_1.wav,1,"{""SPEAKER_00"": 0.0028}"
5348024557507509_f1214_chunk_2_subchunk_1.wav,1,"{""SPEAKER_00"": 0.0002}"
5348024557507510_f1215_chunk_0_subchunk_1.wav,1,"{""SPEAKER_00"": 0.0047}"
5348024557507513_f1218_chunk_0_subchunk_1.wav,1,"{""SPEAKER_00"": 0.0009}"
5348024557507513_f1218_chunk_1_subchunk_1.wav,1,"{""SPEAKER_00"": 0.0007}"
5348024557507513_f1218_chunk_2_subchunk_1.wav,1,"{""SPEAKER_00"": 0.0002}"
5348024557507513_f1218_chunk_3_subchunk_1.wav,1,"{""SPEAKER_00"": 0.0012}"
5348024557507513_f1218_chunk_4_subchunk_1.wav,1,"{""SPEAKER_00"": 0.0013}"
5348024557507514_f1219_chunk_0_subchunk_1.wav,1,"{""SPEAKER_00"": 0.0004}"
5348024557507519_f1130_chunk_0_subchunk_1.wav,1,"{""SPEAKER_00"": 0.0001}"
5348024557507524_f406_chunk_0_subchunk_1.wav,2,"{""SPEAKER_00"": 0.002, ""SPEAKER_01"": 0.0}"
5348024557507524_f406_chunk_1_subchunk_1.wav,1,"{""SPEAKER_00"": 0.0007}"
5348024557507524_f406_chunk_2_subchunk_1.wav,1,"{""SPEAKER_00"": 0.0011}"
5348024557507524_f406_chunk_3_subchunk_1.wav,1,"{""SPEAKER_00"": 0.0005}"
5348024557507524_f406_chunk_4_subchunk_1.wav,1,"{""SPEAKER_00"": 0.0003}"
5348024557507524_f406_chunk_5_subchunk_1.wav,2,"{""SPEAKER_00"": 0.0003, ""SPEAKER_01"": 0.0}"
5348024557507529_f408_chunk_0_subchunk_1.wav,2,"{""SPEAKER_00"": 0.0012, ""SPEAKER_01"": 0.0001}"
5348024557507529_f408_chunk_1_subchunk_1.wav,1,"{""SPEAKER_00"": 0.0007}"
5348024557507537_f407_chunk_0_subchunk_1.wav,2,"{""SPEAKER_00"": 0.0012, ""SPEAKER_01"": 0.0}"
5348024557507537_f407_chunk_1_subchunk_1.wav,1,"{""SPEAKER_00"": 0.0008}"
5348024557507537_f407_chunk_2_subchunk_1.wav,1,"{""SPEAKER_00"": 0.0018}"
5348024557507537_f407_chunk_3_subchunk_1.wav,1,"{""SPEAKER_00"": 0.0011}"
5348024557507537_f407_chunk_4_subchunk_1.wav,1,"{""SPEAKER_00"": 0.0011}"
5348024557507537_f407_chunk_5_subchunk_1.wav,1,"{""SPEAKER_00"": 0.0002}"
5348024557507545_f4_chunk_0_subchunk_1.wav,1,"{""SPEAKER_00"": 0.0018}"
5348024557507545_f4_chunk_1_subchunk_1.wav,1,"{""SPEAKER_00"": 0.0004}"
5348024557507545_f4_chunk_2_subchunk_1.wav,1,"{""SPEAKER_00"": 0.0023}"
5348024557507545_f4_chunk_3_subchunk_1.wav,1,"{""SPEAKER_00"": 0.0005}"
5348024557507545_f4_chunk_4_subchunk_1.wav,1,"{""SPEAKER_00"": 0.0017}"
5348024557507545_f4_chunk_5_subchunk_1.wav,1,"{""SPEAKER_00"": 0.0004}"
5348024557507550_f193_chunk_0_subchunk_1.wav,1,"{""SPEAKER_00"": 0.0005}"
5348024557507550_f193_chunk_1_subchunk_1.wav,1,"{""SPEAKER_00"": 0.0007}"
5348024557507550_f193_chunk_2_subchunk_1.wav,1,"{""SPEAKER_00"": 0.0003}"
5348024557507550_f193_chunk_3_subchunk_1.wav,1,"{""SPEAKER_00"": 0.0009}"
5348024557507550_f193_chunk_4_subchunk_1.wav,1,"{""SPEAKER_00"": 0.0004}"
5348024557507550_f193_chunk_5_subchunk_1.wav,1,"{""SPEAKER_00"": 0.0006}"
5348024557507550_f193_chunk_6_subchunk_1.wav,1,"{""SPEAKER_00"": 0.0014}"
5348024557507550_f193_chunk_7_subchunk_1.wav,1,"{""SPEAKER_00"": 0.0005}"
5348024557507550_f193_chunk_8_subchunk_1.wav,1,"{""SPEAKER_00"": 0.0005}"
5348024557507550_f193_chunk_9_subchunk_1.wav,1,"{""SPEAKER_00"": 0.0002}"
5348024557507552_f1502_chunk_0_subchunk_1.wav,1,"{""SPEAKER_00"": 0.0017}"
5348024557507553_f1503_chunk_0_subchunk_1.wav,1,"{""SPEAKER_00"": 0.0015}"
5348024557507556_f1200_chunk_0_subchunk_1.wav,1,"{""SPEAKER_00"": 0.0003}"
5348024557507558_f1504_chunk_0_subchunk_1.wav,1,"{""SPEAKER_00"": 0.0005}"
5348024557507560_f1511_chunk_0_subchunk_1.wav,1,"{""SPEAKER_00"": 0.0019}"
5348024557507562_f1113_chunk_0_subchunk_1.wav,1,"{""SPEAKER_00"": 0.0014}"
5348024557507566_f1505_chunk_0_subchunk_1.wav,1,"{""SPEAKER_00"": 0.0018}"
5348024557507567_f849_chunk_0_subchunk_1.wav,1,"{""SPEAKER_00"": 0.002}"
5348024557507568_f1677_chunk_0_subchunk_1.wav,1,"{""SPEAKER_00"": 0.0022}"
5348024557507568_f1677_chunk_1_subchunk_1.wav,1,"{""SPEAKER_00"": 0.0031}"
5348024557507569_f1506_chunk_0_subchunk_1.wav,1,"{""SPEAKER_00"": 0.0017}"
5348024557507574_f1508_chunk_0_subchunk_1.wav,1,"{""SPEAKER_00"": 0.0002}"
5348024557507577_f1507_chunk_0_subchunk_1.wav,1,"{""SPEAKER_00"": 0.0002}"
5348024557507585_f90_chunk_0_subchunk_1.wav,1,"{""SPEAKER_00"": 0.001}"
5348024557507585_f90_chunk_1_subchunk_1.wav,1,"{""SPEAKER_00"": 0.0018}"
5348024557507585_f90_chunk_2_subchunk_1.wav,1,"{""SPEAKER_00"": 0.001}"
5348024557507585_f90_chunk_3_subchunk_1.wav,1,"{""SPEAKER_00"": 0.001}"
5348024557507592_f454_chunk_0_subchunk_1.wav,1,"{""SPEAKER_00"": 0.0013}"
5348024557507592_f454_chunk_1_subchunk_1.wav,1,"{""SPEAKER_00"": 0.0018}"
5348024557507592_f454_chunk_2_subchunk_1.wav,1,"{""SPEAKER_00"": 0.0023}"
5348024557507592_f454_chunk_3_subchunk_1.wav,1,"{""SPEAKER_00"": 0.0025}"
5348024557507592_f454_chunk_4_subchunk_1.wav,1,"{""SPEAKER_00"": 0.0012}"
5348024557507592_f454_chunk_5_subchunk_1.wav,1,"{""SPEAKER_00"": 0.004}"
5348024557507592_f454_chunk_6_subchunk_1.wav,1,"{""SPEAKER_00"": 0.0045}"
5348024557507610_f1686_chunk_0_subchunk_1.wav,1,"{""SPEAKER_00"": 0.0033}"
5348024557507612_f1073_chunk_0_subchunk_1.wav,1,"{""SPEAKER_00"": 0.004}"
5348024557507614_f1968_chunk_0_subchunk_1.wav,1,"{""SPEAKER_00"": 0.0005}"
5348024557507615_f1969_chunk_0_subchunk_1.wav,1,"{""SPEAKER_00"": 0.0005}"
5348024557507619_f2220_chunk_0_subchunk_1.wav,1,"{""SPEAKER_00"": 0.0019}"
5348024557507620_f1591_chunk_0_subchunk_1.wav,1,"{""SPEAKER_00"": 0.001}"
5348024557507624_f939_chunk_0_subchunk_1.wav,1,"{""SPEAKER_00"": 0.0017}"
5348024557507625_f1977_chunk_0_subchunk_1.wav,1,"{""SPEAKER_00"": 0.001}"
5348024557507628_f1971_chunk_0_subchunk_1.wav,1,"{""SPEAKER_00"": 0.0045}"
5348024557507629_f1972_chunk_0_subchunk_1.wav,1,"{""SPEAKER_00"": 0.0039}"
5348024557507632_f1973_chunk_0_subchunk_1.wav,1,"{""SPEAKER_00"": 0.0002}"
5348024557507634_f1974_chunk_0_subchunk_1.wav,1,"{""SPEAKER_00"": 0.0002}"
5348024557507645_f674_chunk_0_subchunk_1.wav,1,"{""SPEAKER_00"": 0.0016}"
5348024557507646_f146_chunk_0_subchunk_1.wav,1,"{""SPEAKER_00"": 0.0017}"
5348024557507651_f676_chunk_0_subchunk_1.wav,1,"{""SPEAKER_00"": 0.0013}"
5348024557507651_f676_chunk_1_subchunk_1.wav,1,"{""SPEAKER_00"": 0.0011}"
5348024557507651_f676_chunk_2_subchunk_1.wav,1,"{""SPEAKER_00"": 0.005}"
5348024557507651_f676_chunk_3_subchunk_1.wav,1,"{""SPEAKER_00"": 0.0033}"
5348024557507651_f676_chunk_4_subchunk_1.wav,1,"{""SPEAKER_00"": 0.0013}"
5348024557507651_f676_chunk_5_subchunk_1.wav,1,"{""SPEAKER_00"": 0.001}"
5348024557507653_f675_chunk_0_subchunk_1.wav,1,"{""SPEAKER_00"": 0.0021}"
5348024557507653_f675_chunk_1_subchunk_1.wav,1,"{""SPEAKER_00"": 0.005}"
5348024557507653_f675_chunk_2_subchunk_1.wav,2,"{""SPEAKER_00"": 0.0017, ""SPEAKER_01"": 0.0002}"
5348024557507655_f378_chunk_0_subchunk_1.wav,1,"{""SPEAKER_00"": 0.0013}"
5348024557507655_f378_chunk_1_subchunk_1.wav,1,"{""SPEAKER_00"": 0.0033}"
5348024557507655_f378_chunk_2_subchunk_1.wav,1,"{""SPEAKER_00"": 0.0047}"
5348024557507655_f378_chunk_3_subchunk_1.wav,1,"{""SPEAKER_00"": 0.0023}"
5348024557507655_f378_chunk_4_subchunk_1.wav,1,"{""SPEAKER_00"": 0.0034}"
5348024557507655_f378_chunk_5_subchunk_1.wav,1,"{""SPEAKER_00"": 0.0011}"
5348024557507658_f147_chunk_0_subchunk_1.wav,1,"{""SPEAKER_00"": 0.0017}"
5348024557507658_f147_chunk_10_subchunk_1.wav,1,"{""SPEAKER_00"": 0.0041}"
5348024557507658_f147_chunk_11_subchunk_1.wav,1,"{""SPEAKER_00"": 0.0015}"
5348024557507658_f147_chunk_12_subchunk_1.wav,1,"{""SPEAKER_00"": 0.0065}"
5348024557507658_f147_chunk_13_subchunk_1.wav,1,"{""SPEAKER_00"": 0.0016}"
5348024557507658_f147_chunk_14_subchunk_1.wav,1,"{""SPEAKER_00"": 0.0002}"
5348024557507658_f147_chunk_1_subchunk_1.wav,1,"{""SPEAKER_00"": 0.0031}"
5348024557507658_f147_chunk_2_subchunk_1.wav,1,"{""SPEAKER_00"": 0.0026}"
5348024557507658_f147_chunk_3_subchunk_1.wav,1,"{""SPEAKER_00"": 0.0015}"
5348024557507658_f147_chunk_4_subchunk_1.wav,1,"{""SPEAKER_00"": 0.002}"
5348024557507658_f147_chunk_5_subchunk_1.wav,1,"{""SPEAKER_00"": 0.0015}"
5348024557507658_f147_chunk_6_subchunk_1.wav,1,"{""SPEAKER_00"": 0.0017}"
5348024557507658_f147_chunk_7_subchunk_1.wav,1,"{""SPEAKER_00"": 0.002}"
5348024557507658_f147_chunk_8_subchunk_1.wav,1,"{""SPEAKER_00"": 0.0039}"
5348024557507658_f147_chunk_9_subchunk_1.wav,1,"{""SPEAKER_00"": 0.0012}"
5348024557507662_f755_chunk_0_subchunk_1.wav,1,"{""SPEAKER_00"": 0.0023}"
5348024557507662_f755_chunk_10_subchunk_1.wav,1,"{""SPEAKER_00"": 0.0011}"
5348024557507662_f755_chunk_11_subchunk_1.wav,1,"{""SPEAKER_00"": 0.0017}"
5348024557507662_f755_chunk_12_subchunk_1.wav,1,"{""SPEAKER_00"": 0.0015}"
5348024557507662_f755_chunk_13_subchunk_1.wav,1,"{""SPEAKER_00"": 0.0013}"
5348024557507662_f755_chunk_1_subchunk_1.wav,1,"{""SPEAKER_00"": 0.002}"
5348024557507662_f755_chunk_2_subchunk_1.wav,1,"{""SPEAKER_00"": 0.0012}"
5348024557507662_f755_chunk_3_subchunk_1.wav,1,"{""SPEAKER_00"": 0.003}"
5348024557507662_f755_chunk_4_subchunk_1.wav,1,"{""SPEAKER_00"": 0.0023}"
5348024557507662_f755_chunk_5_subchunk_1.wav,1,"{""SPEAKER_00"": 0.0047}"
5348024557507662_f755_chunk_6_subchunk_1.wav,1,"{""SPEAKER_00"": 0.0028}"
5348024557507662_f755_chunk_7_subchunk_1.wav,1,"{""SPEAKER_00"": 0.0017}"
5348024557507662_f755_chunk_8_subchunk_1.wav,1,"{""SPEAKER_00"": 0.0029}"
5348024557507662_f755_chunk_9_subchunk_1.wav,1,"{""SPEAKER_00"": 0.003}"
5348024557507668_f2105_chunk_0_subchunk_1.wav,1,"{""SPEAKER_00"": 0.001}"
5348024557507670_f2104_chunk_0_subchunk_1.wav,1,"{""SPEAKER_00"": 0.0022}"
5348024557507673_f2102_chunk_0_subchunk_1.wav,1,"{""SPEAKER_00"": 0.0006}"
5348024557507674_f2106_chunk_0_subchunk_1.wav,1,"{""SPEAKER_00"": 0.0006}"
5348024557507677_f2108_chunk_0_subchunk_1.wav,1,"{""SPEAKER_00"": 0.001}"
5348024557507678_f1123_chunk_0_subchunk_1.wav,1,"{""SPEAKER_00"": 0.0017}"
5348024557507680_f982_chunk_0_subchunk_1.wav,1,"{""SPEAKER_00"": 0.0024}"
5348024557507682_f1125_chunk_0_subchunk_1.wav,1,"{""SPEAKER_00"": 0.0037}"
5348024557507685_f983_chunk_0_subchunk_1.wav,1,"{""SPEAKER_00"": 0.0047}"
5348024557507687_f1124_chunk_0_subchunk_1.wav,1,"{""SPEAKER_00"": 0.0043}"
5348024557507688_f984_chunk_0_subchunk_1.wav,1,"{""SPEAKER_00"": 0.0002}"
5348024557507691_f2107_chunk_0_subchunk_1.wav,1,"{""SPEAKER_00"": 0.0002}"
5348024557507700_f178_chunk_0_subchunk_1.wav,1,"{""SPEAKER_00"": 0.0008}"
5348024557507700_f178_chunk_1_subchunk_1.wav,1,"{""SPEAKER_00"": 0.0005}"
5348024557507700_f178_chunk_2_subchunk_1.wav,1,"{""SPEAKER_00"": 0.0006}"
5348024557507700_f178_chunk_3_subchunk_1.wav,1,"{""SPEAKER_00"": 0.0006}"
5348024557507705_f729_chunk_0_subchunk_1.wav,1,"{""SPEAKER_00"": 0.0013}"
5348024557507710_f695_chunk_0_subchunk_1.wav,1,"{""SPEAKER_00"": 0.0011}"
5348024557507710_f695_chunk_1_subchunk_1.wav,1,"{""SPEAKER_00"": 0.0002}"
5348024557507710_f695_chunk_2_subchunk_1.wav,1,"{""SPEAKER_00"": 0.0005}"
5348024557507710_f695_chunk_3_subchunk_1.wav,1,"{""SPEAKER_00"": 0.0012}"
5348024557507710_f695_chunk_4_subchunk_1.wav,1,"{""SPEAKER_00"": 0.0021}"
5348024557507710_f695_chunk_5_subchunk_1.wav,1,"{""SPEAKER_00"": 0.0036}"
5348024557507710_f695_chunk_6_subchunk_1.wav,1,"{""SPEAKER_00"": 0.002}"
5348024557507713_f693_chunk_0_subchunk_1.wav,1,"{""SPEAKER_00"": 0.0019}"
5348024557507713_f693_chunk_1_subchunk_1.wav,1,"{""SPEAKER_00"": 0.0007}"
5348024557507713_f693_chunk_2_subchunk_1.wav,1,"{""SPEAKER_00"": 0.0021}"
5348024557507713_f693_chunk_3_subchunk_1.wav,1,"{""SPEAKER_00"": 0.0004}"
5348024557507713_f693_chunk_4_subchunk_1.wav,1,"{""SPEAKER_00"": 0.0002}"
5348024557507713_f693_chunk_5_subchunk_1.wav,1,"{""SPEAKER_00"": 0.0033}"
5348024557507713_f693_chunk_6_subchunk_1.wav,1,"{""SPEAKER_00"": 0.0004}"
5348024557507713_f693_chunk_7_subchunk_1.wav,1,"{""SPEAKER_00"": 0.0002}"
5348024557507713_f693_chunk_8_subchunk_1.wav,1,"{""SPEAKER_00"": 0.0003}"
5348024557507714_f742_chunk_0_subchunk_1.wav,1,"{""SPEAKER_00"": 0.0026}"
5348024557507714_f742_chunk_1_subchunk_1.wav,1,"{""SPEAKER_00"": 0.0007}"
5348024557507714_f742_chunk_2_subchunk_1.wav,1,"{""SPEAKER_00"": 0.0014}"
5348024557507714_f742_chunk_2_subchunk_2.wav,1,"{""SPEAKER_00"": 0.0021}"
5348024557507714_f742_chunk_3_subchunk_1.wav,1,"{""SPEAKER_00"": 0.0002}"
5348024557507714_f742_chunk_4_subchunk_1.wav,1,"{""SPEAKER_00"": 0.0032}"
5348024557507719_f692_chunk_0_subchunk_1.wav,1,"{""SPEAKER_00"": 0.001}"
5348024557507719_f692_chunk_1_subchunk_1.wav,1,"{""SPEAKER_00"": 0.0006}"
5348024557507719_f692_chunk_2_subchunk_1.wav,1,"{""SPEAKER_00"": 0.0034}"
5348024557507719_f692_chunk_3_subchunk_1.wav,1,"{""SPEAKER_00"": 0.0022}"
5348024557507719_f692_chunk_4_subchunk_1.wav,1,"{""SPEAKER_00"": 0.005}"
5348024557507719_f692_chunk_5_subchunk_1.wav,1,"{""SPEAKER_00"": 0.0017}"
5348024557507719_f692_chunk_6_subchunk_1.wav,1,"{""SPEAKER_00"": 0.0009}"
5348024557507719_f692_chunk_7_subchunk_1.wav,1,"{""SPEAKER_00"": 0.0015}"
5348024557507719_f692_chunk_8_subchunk_1.wav,1,"{""SPEAKER_00"": 0.0032}"
5348024557507723_f179_chunk_0_subchunk_1.wav,1,"{""SPEAKER_00"": 0.0013}"
5348024557507723_f179_chunk_1_subchunk_1.wav,1,"{""SPEAKER_00"": 0.0011}"
5348024557507723_f179_chunk_2_subchunk_1.wav,1,"{""SPEAKER_00"": 0.0002}"
5348024557507723_f179_chunk_3_subchunk_1.wav,1,"{""SPEAKER_00"": 0.0018}"
5348024557507723_f179_chunk_4_subchunk_1.wav,1,"{""SPEAKER_00"": 0.0038}"
5348024557507723_f179_chunk_5_subchunk_1.wav,1,"{""SPEAKER_00"": 0.0017}"
5348024557507723_f179_chunk_6_subchunk_1.wav,1,"{""SPEAKER_00"": 0.0023}"
5348024557507723_f179_chunk_7_subchunk_1.wav,1,"{""SPEAKER_00"": 0.0011}"
5348024557507723_f179_chunk_8_subchunk_1.wav,1,"{""SPEAKER_00"": 0.0005}"
5348024557507727_f1465_chunk_0_subchunk_1.wav,1,"{""SPEAKER_00"": 0.0032}"
5348024557507728_f1466_chunk_0_subchunk_1.wav,1,"{""SPEAKER_00"": 0.0037}"
5348024557507731_f1468_chunk_0_subchunk_1.wav,1,"{""SPEAKER_00"": 0.0019}"
5348024557507732_f1467_chunk_0_subchunk_1.wav,1,"{""SPEAKER_00"": 0.0011}"
5348024557507736_f1476_chunk_0_subchunk_1.wav,1,"{""SPEAKER_00"": 0.0023}"
5348024557507737_f1194_chunk_0_subchunk_1.wav,1,"{""SPEAKER_00"": 0.0014}"
5348024557507738_f1548_chunk_0_subchunk_1.wav,1,"{""SPEAKER_00"": 0.0021}"
5348024557507742_f997_chunk_0_subchunk_1.wav,1,"{""SPEAKER_00"": 0.004}"
5348024557507745_f838_chunk_0_subchunk_1.wav,1,"{""SPEAKER_00"": 0.0022}"
5348024557507752_f1472_chunk_0_subchunk_1.wav,1,"{""SPEAKER_00"": 0.0002}"
5348024557507755_f1471_chunk_0_subchunk_1.wav,1,"{""SPEAKER_00"": 0.0003}"
5348024557507766_f240_chunk_0_subchunk_1.wav,1,"{""SPEAKER_00"": 0.0015}"
5348024557507766_f240_chunk_1_subchunk_1.wav,1,"{""SPEAKER_00"": 0.0035}"
5348024557507766_f240_chunk_2_subchunk_1.wav,2,"{""SPEAKER_01"": 0.0, ""SPEAKER_00"": 0.0041}"
5348024557507766_f240_chunk_3_subchunk_1.wav,1,"{""SPEAKER_00"": 0.0024}"
5348024557507766_f240_chunk_4_subchunk_1.wav,1,"{""SPEAKER_00"": 0.0012}"
5348024557507769_f445_chunk_0_subchunk_1.wav,1,"{""SPEAKER_00"": 0.0039}"
5348024557507769_f445_chunk_1_subchunk_1.wav,1,"{""SPEAKER_00"": 0.0024}"
5348024557507769_f445_chunk_2_subchunk_1.wav,1,"{""SPEAKER_00"": 0.0018}"
5348024557507769_f445_chunk_3_subchunk_1.wav,1,"{""SPEAKER_00"": 0.0004}"
5348024557507769_f445_chunk_4_subchunk_1.wav,1,"{""SPEAKER_00"": 0.0002}"
5348024557507769_f445_chunk_5_subchunk_1.wav,1,"{""SPEAKER_00"": 0.0055}"
5348024557507769_f445_chunk_6_subchunk_1.wav,1,"{""SPEAKER_00"": 0.0039}"
5348024557507769_f445_chunk_7_subchunk_1.wav,1,"{""SPEAKER_00"": 0.0004}"
5348024557507775_f77_chunk_0_subchunk_1.wav,1,"{""SPEAKER_00"": 0.0031}"
5348024557507775_f77_chunk_10_subchunk_1.wav,1,"{""SPEAKER_00"": 0.0006}"
5348024557507775_f77_chunk_11_subchunk_1.wav,1,"{""SPEAKER_00"": 0.0021}"
5348024557507775_f77_chunk_12_subchunk_1.wav,2,"{""SPEAKER_00"": 0.0011, ""SPEAKER_01"": 0.0}"
5348024557507775_f77_chunk_13_subchunk_1.wav,1,"{""SPEAKER_00"": 0.0018}"
5348024557507775_f77_chunk_14_subchunk_1.wav,2,"{""SPEAKER_00"": 0.0012, ""SPEAKER_01"": 0.0001}"
5348024557507775_f77_chunk_15_subchunk_1.wav,1,"{""SPEAKER_00"": 0.0003}"
5348024557507775_f77_chunk_16_subchunk_1.wav,1,"{""SPEAKER_00"": 0.0006}"
5348024557507775_f77_chunk_17_subchunk_1.wav,1,"{""SPEAKER_00"": 0.0007}"
5348024557507775_f77_chunk_18_subchunk_1.wav,1,"{""SPEAKER_00"": 0.0005}"
5348024557507775_f77_chunk_19_subchunk_1.wav,1,"{""SPEAKER_00"": 0.001}"
5348024557507775_f77_chunk_1_subchunk_1.wav,2,"{""SPEAKER_01"": 0.0, ""SPEAKER_00"": 0.0026}"
5348024557507775_f77_chunk_20_subchunk_1.wav,1,"{""SPEAKER_00"": 0.0002}"
5348024557507775_f77_chunk_21_subchunk_1.wav,1,"{""SPEAKER_00"": 0.0005}"
5348024557507775_f77_chunk_22_subchunk_1.wav,1,"{""SPEAKER_00"": 0.0004}"
5348024557507775_f77_chunk_23_subchunk_1.wav,1,"{""SPEAKER_00"": 0.0008}"
5348024557507775_f77_chunk_2_subchunk_1.wav,1,"{""SPEAKER_00"": 0.0041}"
5348024557507775_f77_chunk_3_subchunk_1.wav,1,"{""SPEAKER_00"": 0.0015}"
5348024557507775_f77_chunk_4_subchunk_1.wav,1,"{""SPEAKER_00"": 0.0011}"
5348024557507775_f77_chunk_5_subchunk_1.wav,1,"{""SPEAKER_00"": 0.0002}"
5348024557507775_f77_chunk_6_subchunk_1.wav,1,"{""SPEAKER_00"": 0.0009}"
5348024557507775_f77_chunk_7_subchunk_1.wav,1,"{""SPEAKER_00"": 0.0014}"
5348024557507775_f77_chunk_8_subchunk_1.wav,1,"{""SPEAKER_00"": 0.0008}"
5348024557507775_f77_chunk_9_subchunk_1.wav,1,"{""SPEAKER_00"": 0.0001}"
5348024557507777_f79_chunk_0_subchunk_1.wav,1,"{""SPEAKER_00"": 0.0039}"
5348024557507777_f79_chunk_1_subchunk_1.wav,1,"{""SPEAKER_00"": 0.0018}"
5348024557507777_f79_chunk_2_subchunk_1.wav,1,"{""SPEAKER_00"": 0.0006}"
5348024557507777_f79_chunk_3_subchunk_1.wav,2,"{""SPEAKER_01"": 0.0045, ""SPEAKER_00"": 0.0001}"
5348024557507777_f79_chunk_4_subchunk_1.wav,2,"{""SPEAKER_00"": 0.0008, ""SPEAKER_01"": 0.0001}"
5348024557507777_f79_chunk_5_subchunk_1.wav,1,"{""SPEAKER_00"": 0.0007}"
5348024557507784_f2077_chunk_0_subchunk_1.wav,1,"{""SPEAKER_00"": 0.0011}"
5348024557507787_f1120_chunk_0_subchunk_1.wav,1,"{""SPEAKER_00"": 0.0019}"
5348024557507789_f1021_chunk_0_subchunk_1.wav,1,"{""SPEAKER_00"": 0.0014}"
5348024557507791_f2084_chunk_0_subchunk_1.wav,1,"{""SPEAKER_00"": 0.0005}"
5348024557507792_f2085_chunk_0_subchunk_1.wav,1,"{""SPEAKER_00"": 0.0015}"
5348024557507795_f974_chunk_0_subchunk_1.wav,1,"{""SPEAKER_00"": 0.0006}"
5348024557507796_f975_chunk_0_subchunk_1.wav,1,"{""SPEAKER_00"": 0.001}"
5348024557507799_f2081_chunk_0_subchunk_1.wav,1,"{""SPEAKER_00"": 0.0039}"
5348024557507802_f2126_chunk_0_subchunk_1.wav,1,"{""SPEAKER_00"": 0.0023}"
5348024557507802_f2126_chunk_0_subchunk_2.wav,1,"{""SPEAKER_00"": 0.0028}"
5348024557507803_f2082_chunk_0_subchunk_1.wav,1,"{""SPEAKER_00"": 0.0039}"
5348024557507806_f977_chunk_0_subchunk_1.wav,1,"{""SPEAKER_00"": 0.0002}"
5348024557507811_f2083_chunk_0_subchunk_1.wav,1,"{""SPEAKER_00"": 0.0001}"
5348024557507814_f688_chunk_0_subchunk_1.wav,1,"{""SPEAKER_00"": 0.0036}"
5348024557507824_f734_chunk_0_subchunk_1.wav,1,"{""SPEAKER_00"": 0.0008}"
5348024557507824_f734_chunk_1_subchunk_1.wav,1,"{""SPEAKER_00"": 0.0036}"
5348024557507824_f734_chunk_2_subchunk_1.wav,1,"{""SPEAKER_00"": 0.0004}"
5348024557507824_f734_chunk_3_subchunk_1.wav,1,"{""SPEAKER_00"": 0.0018}"
5348024557507824_f734_chunk_4_subchunk_1.wav,1,"{""SPEAKER_00"": 0.0008}"
5348024557507833_f735_chunk_0_subchunk_1.wav,1,"{""SPEAKER_00"": 0.0007}"
5348024557507836_f737_chunk_0_subchunk_1.wav,1,"{""SPEAKER_00"": 0.0041}"
5348024557507836_f737_chunk_1_subchunk_1.wav,1,"{""SPEAKER_00"": 0.0012}"
5348024557507836_f737_chunk_2_subchunk_1.wav,1,"{""SPEAKER_00"": 0.0014}"
5348024557507836_f737_chunk_3_subchunk_1.wav,1,"{""SPEAKER_00"": 0.002}"
5348024557507836_f737_chunk_4_subchunk_1.wav,1,"{""SPEAKER_00"": 0.0007}"
5348024557507836_f737_chunk_5_subchunk_1.wav,1,"{""SPEAKER_00"": 0.0014}"
5348024557507836_f737_chunk_6_subchunk_1.wav,1,"{""SPEAKER_00"": 0.002}"
5348024557507836_f737_chunk_7_subchunk_1.wav,1,"{""SPEAKER_00"": 0.0001}"
5348024557507836_f737_chunk_8_subchunk_1.wav,1,"{""SPEAKER_00"": 0.0025}"
5348024557507836_f737_chunk_9_subchunk_1.wav,1,"{""SPEAKER_00"": 0.0005}"
5348024557507837_f736_chunk_0_subchunk_1.wav,1,"{""SPEAKER_00"": 0.005}"
5348024557507837_f736_chunk_1_subchunk_1.wav,1,"{""SPEAKER_00"": 0.0023}"
5348024557507837_f736_chunk_2_subchunk_1.wav,1,"{""SPEAKER_00"": 0.0004}"
5348024557507837_f736_chunk_3_subchunk_1.wav,1,"{""SPEAKER_00"": 0.0018}"
5348024557507837_f736_chunk_4_subchunk_1.wav,1,"{""SPEAKER_00"": 0.003}"
5348024557507837_f736_chunk_5_subchunk_1.wav,1,"{""SPEAKER_00"": 0.0004}"
5348024557507837_f736_chunk_6_subchunk_1.wav,1,"{""SPEAKER_00"": 0.0016}"
5348024557507838_f172_chunk_0_subchunk_1.wav,1,"{""SPEAKER_00"": 0.0018}"
5348024557507838_f172_chunk_1_subchunk_1.wav,1,"{""SPEAKER_00"": 0.0012}"
5348024557507838_f172_chunk_2_subchunk_1.wav,1,"{""SPEAKER_00"": 0.005}"
5348024557507839_f173_chunk_0_subchunk_1.wav,1,"{""SPEAKER_00"": 0.0037}"
5348024557507839_f173_chunk_1_subchunk_1.wav,1,"{""SPEAKER_00"": 0.0002}"
5348024557507843_f1687_chunk_0_subchunk_1.wav,1,"{""SPEAKER_00"": 0.0034}"
5348024557507844_f2012_chunk_0_subchunk_1.wav,1,"{""SPEAKER_00"": 0.0018}"
5348024557507847_f2007_chunk_0_subchunk_1.wav,1,"{""SPEAKER_00"": 0.001}"
5348024557507849_f953_chunk_0_subchunk_1.wav,1,"{""SPEAKER_00"": 0.0012}"
5348024557507851_f2008_chunk_0_subchunk_1.wav,1,"{""SPEAKER_00"": 0.002}"
5348024557507853_f1534_chunk_0_subchunk_1.wav,1,"{""SPEAKER_00"": 0.0013}"
5348024557507854_f2233_chunk_0_subchunk_1.wav,1,"{""SPEAKER_00"": 0.0013}"
5348024557507856_f2009_chunk_0_subchunk_1.wav,1,"{""SPEAKER_00"": 0.001}"
5348024557507858_f954_chunk_0_subchunk_1.wav,1,"{""SPEAKER_00"": 0.0022}"
5348024557507861_f1132_chunk_0_subchunk_1.wav,1,"{""SPEAKER_00"": 0.005}"
5348024557507870_f2013_chunk_0_subchunk_1.wav,1,"{""SPEAKER_00"": 0.0001}"
5348024557507871_f2014_chunk_0_subchunk_1.wav,1,"{""SPEAKER_00"": 0.0002}"
5348024557507875_f392_chunk_0_subchunk_1.wav,1,"{""SPEAKER_00"": 0.0002}"
5348024557507875_f392_chunk_1_subchunk_1.wav,1,"{""SPEAKER_00"": 0.0003}"
5348024557507875_f392_chunk_2_subchunk_1.wav,1,"{""SPEAKER_00"": 0.0005}"
5348024557507875_f392_chunk_3_subchunk_1.wav,1,"{""SPEAKER_00"": 0.0005}"
5348024557507875_f392_chunk_4_subchunk_1.wav,1,"{""SPEAKER_00"": 0.0005}"
5348024557507881_f590_chunk_0_subchunk_1.wav,1,"{""SPEAKER_00"": 0.0049}"
5348024557507881_f590_chunk_1_subchunk_1.wav,1,"{""SPEAKER_00"": 0.002}"
5348024557507881_f590_chunk_2_subchunk_1.wav,1,"{""SPEAKER_00"": 0.0012}"
5348024557507881_f590_chunk_3_subchunk_1.wav,1,"{""SPEAKER_00"": 0.0047}"
5348024557507881_f590_chunk_4_subchunk_1.wav,1,"{""SPEAKER_00"": 0.0023}"
5348024557507881_f590_chunk_5_subchunk_1.wav,1,"{""SPEAKER_00"": 0.0043}"
5348024557507881_f590_chunk_6_subchunk_1.wav,1,"{""SPEAKER_00"": 0.0016}"
5348024557507883_f159_chunk_0_subchunk_1.wav,1,"{""SPEAKER_00"": 0.0007}"
5348024557507883_f159_chunk_1_subchunk_1.wav,1,"{""SPEAKER_00"": 0.0021}"
5348024557507883_f159_chunk_2_subchunk_1.wav,1,"{""SPEAKER_00"": 0.0005}"
5348024557507883_f159_chunk_3_subchunk_1.wav,1,"{""SPEAKER_00"": 0.0051}"
5348024557507883_f159_chunk_4_subchunk_1.wav,1,"{""SPEAKER_00"": 0.0024}"
5348024557507883_f159_chunk_5_subchunk_1.wav,1,"{""SPEAKER_00"": 0.0004}"
5348024557507889_f393_chunk_0_subchunk_1.wav,1,"{""SPEAKER_00"": 0.003}"
5348024557507889_f393_chunk_1_subchunk_1.wav,1,"{""SPEAKER_00"": 0.0038}"
5348024557507889_f393_chunk_2_subchunk_1.wav,1,"{""SPEAKER_00"": 0.0003}"
5348024557507890_f589_chunk_0_subchunk_1.wav,1,"{""SPEAKER_00"": 0.0038}"
5348024557507890_f589_chunk_1_subchunk_1.wav,1,"{""SPEAKER_00"": 0.0005}"
5348024557507892_f391_chunk_0_subchunk_1.wav,1,"{""SPEAKER_00"": 0.004}"
5348024557507892_f391_chunk_1_subchunk_1.wav,1,"{""SPEAKER_00"": 0.0029}"
5348024557507894_f591_chunk_0_subchunk_1.wav,1,"{""SPEAKER_00"": 0.0038}"
5348024557507894_f591_chunk_1_subchunk_1.wav,1,"{""SPEAKER_00"": 0.0013}"
5348024557507894_f591_chunk_2_subchunk_1.wav,1,"{""SPEAKER_00"": 0.0032}"
5348024557507894_f591_chunk_3_subchunk_1.wav,1,"{""SPEAKER_00"": 0.0041}"
5348024557507900_f1574_chunk_0_subchunk_1.wav,1,"{""SPEAKER_00"": 0.0036}"
5348024557507903_f1235_chunk_0_subchunk_1.wav,1,"{""SPEAKER_00"": 0.0035}"
5348024557507905_f1237_chunk_0_subchunk_1.wav,1,"{""SPEAKER_00"": 0.0006}"
5348024557507906_f1236_chunk_0_subchunk_1.wav,1,"{""SPEAKER_00"": 0.0006}"
5348024557507908_f1241_chunk_0_subchunk_1.wav,1,"{""SPEAKER_00"": 0.0014}"
5348024557507910_f1538_chunk_0_subchunk_1.wav,1,"{""SPEAKER_00"": 0.0018}"
5348024557507913_f1240_chunk_0_subchunk_1.wav,1,"{""SPEAKER_00"": 0.0021}"
5348024557507915_f1238_chunk_0_subchunk_1.wav,2,"{""SPEAKER_01"": 0.0003, ""SPEAKER_00"": 0.0035}"
5348024557507917_f1138_chunk_0_subchunk_1.wav,1,"{""SPEAKER_00"": 0.0042}"
5348024557507918_f1246_chunk_0_subchunk_1.wav,1,"{""SPEAKER_00"": 0.003}"
5348024557507920_f1242_chunk_0_subchunk_1.wav,1,"{""SPEAKER_00"": 0.0001}"
5348024557507929_f1247_chunk_0_subchunk_1.wav,1,"{""SPEAKER_00"": 0.0003}"
5348024557507931_f10_chunk_0_subchunk_1.wav,1,"{""SPEAKER_00"": 0.0017}"
5348024557507937_f412_chunk_0_subchunk_1.wav,1,"{""SPEAKER_00"": 0.0003}"
5348024557507937_f412_chunk_1_subchunk_1.wav,1,"{""SPEAKER_00"": 0.0003}"
5348024557507937_f412_chunk_2_subchunk_1.wav,1,"{""SPEAKER_00"": 0.0003}"
5348024557507937_f412_chunk_3_subchunk_1.wav,1,"{""SPEAKER_00"": 0.0002}"
5348024557507937_f412_chunk_4_subchunk_1.wav,1,"{""SPEAKER_00"": 0.0003}"
5348024557507939_f9_chunk_0_subchunk_1.wav,1,"{""SPEAKER_00"": 0.0037}"
5348024557507939_f9_chunk_1_subchunk_1.wav,1,"{""SPEAKER_00"": 0.0025}"
5348024557507939_f9_chunk_2_subchunk_1.wav,1,"{""SPEAKER_00"": 0.0001}"
5348024557507939_f9_chunk_3_subchunk_1.wav,1,"{""SPEAKER_00"": 0.0009}"
5348024557507939_f9_chunk_4_subchunk_1.wav,1,"{""SPEAKER_00"": 0.0015}"
5348024557507939_f9_chunk_5_subchunk_1.wav,1,"{""SPEAKER_00"": 0.0023}"
5348024557507939_f9_chunk_6_subchunk_1.wav,1,"{""SPEAKER_00"": 0.0028}"
5348024557507941_f651_chunk_0_subchunk_1.wav,2,"{""SPEAKER_00"": 0.0025, ""SPEAKER_01"": 0.0001}"
5348024557507941_f651_chunk_1_subchunk_1.wav,2,"{""SPEAKER_00"": 0.0008, ""SPEAKER_01"": 0.0001}"
5348024557507941_f651_chunk_3_subchunk_1.wav,1,"{""SPEAKER_00"": 0.0041}"
5348024557507941_f651_chunk_4_subchunk_1.wav,1,"{""SPEAKER_00"": 0.0011}"
5348024557507943_f414_chunk_0_subchunk_1.wav,1,"{""SPEAKER_00"": 0.0008}"
5348024557507946_f413_chunk_0_subchunk_1.wav,1,"{""SPEAKER_00"": 0.0014}"
5348024557507946_f413_chunk_1_subchunk_1.wav,1,"{""SPEAKER_00"": 0.003}"
5348024557507946_f413_chunk_2_subchunk_1.wav,1,"{""SPEAKER_00"": 0.0018}"
5348024557507946_f413_chunk_3_subchunk_1.wav,2,"{""SPEAKER_00"": 0.002, ""SPEAKER_01"": 0.0001}"
5348024557507946_f413_chunk_4_subchunk_1.wav,1,"{""SPEAKER_00"": 0.0017}"
5348024557507946_f413_chunk_5_subchunk_1.wav,1,"{""SPEAKER_00"": 0.0039}"
5348024557507946_f413_chunk_6_subchunk_1.wav,1,"{""SPEAKER_00"": 0.0016}"
5348024557507946_f413_chunk_7_subchunk_1.wav,1,"{""SPEAKER_00"": 0.0027}"
5348024557507946_f413_chunk_8_subchunk_1.wav,1,"{""SPEAKER_00"": 0.0013}"
5348024557507946_f413_chunk_9_subchunk_1.wav,1,"{""SPEAKER_00"": 0.0024}"
5348024557507950_f600_chunk_0_subchunk_1.wav,1,"{""SPEAKER_00"": 0.0055}"
5348024557507950_f600_chunk_1_subchunk_1.wav,1,"{""SPEAKER_00"": 0.0012}"
5348024557507950_f600_chunk_2_subchunk_1.wav,1,"{""SPEAKER_00"": 0.0014}"
5348024557507950_f600_chunk_3_subchunk_1.wav,1,"{""SPEAKER_00"": 0.0037}"
5348024557507950_f600_chunk_4_subchunk_1.wav,1,"{""SPEAKER_00"": 0.0017}"
5348024557508072_f1528_chunk_0_subchunk_1.wav,1,"{""SPEAKER_00"": 0.0016}"
5348024557508075_f1529_chunk_0_subchunk_1.wav,1,"{""SPEAKER_00"": 0.0027}"
5348024557508076_f859_chunk_0_subchunk_1.wav,1,"{""SPEAKER_00"": 0.0007}"
5348024557508077_f1203_chunk_0_subchunk_1.wav,1,"{""SPEAKER_00"": 0.0008}"
5348024557508083_f1626_chunk_0_subchunk_1.wav,1,"{""SPEAKER_00"": 0.0017}"
5348024557508084_f860_chunk_0_subchunk_1.wav,1,"{""SPEAKER_00"": 0.0042}"
5348024557508087_f1696_chunk_0_subchunk_1.wav,1,"{""SPEAKER_00"": 0.0034}"
5348024557508090_f1697_chunk_0_subchunk_1.wav,1,"{""SPEAKER_00"": 0.0045}"
5348024557508090_f1697_chunk_1_subchunk_1.wav,1,"{""SPEAKER_00"": 0.0016}"
5348024557508090_f1697_chunk_2_subchunk_1.wav,1,"{""SPEAKER_00"": 0.0012}"
5348024557508090_f1697_chunk_3_subchunk_1.wav,1,"{""SPEAKER_00"": 0.0076}"
5348024557508091_f1106_chunk_0_subchunk_1.wav,1,"{""SPEAKER_00"": 0.0013}"
5348024557508091_f1106_chunk_1_subchunk_1.wav,1,"{""SPEAKER_00"": 0.0012}"
5348024557508091_f1106_chunk_2_subchunk_1.wav,1,"{""SPEAKER_00"": 0.0023}"
5348024557508095_f1699_chunk_0_subchunk_1.wav,1,"{""SPEAKER_00"": 0.0002}"
5348024557508096_f1698_chunk_0_subchunk_1.wav,1,"{""SPEAKER_00"": 0.0001}"
5348024557508107_f499_chunk_0_subchunk_1.wav,1,"{""SPEAKER_00"": 0.0019}"
5348024557508113_f501_chunk_0_subchunk_1.wav,1,"{""SPEAKER_00"": 0.0031}"
5348024557508113_f501_chunk_1_subchunk_1.wav,1,"{""SPEAKER_00"": 0.003}"
5348024557508117_f498_chunk_0_subchunk_1.wav,1,"{""SPEAKER_00"": 0.0044}"
5348024557508118_f271_chunk_0_subchunk_1.wav,1,"{""SPEAKER_00"": 0.0039}"
5348024557508118_f271_chunk_1_subchunk_1.wav,1,"{""SPEAKER_00"": 0.0022}"
5348024557508119_f257_chunk_0_subchunk_1.wav,1,"{""SPEAKER_00"": 0.0031}"
5348024557508124_f267_chunk_0_subchunk_1.wav,1,"{""SPEAKER_00"": 0.0051}"
5348024557508128_f500_chunk_0_subchunk_1.wav,1,"{""SPEAKER_00"": 0.0046}"
5348024557508132_f1724_chunk_0_subchunk_1.wav,1,"{""SPEAKER_00"": 0.0027}"
5348024557508133_f1058_chunk_0_subchunk_1.wav,1,"{""SPEAKER_00"": 0.0028}"
5348024557508136_f1725_chunk_0_subchunk_1.wav,1,"{""SPEAKER_00"": 0.001}"
5348024557508137_f1599_chunk_0_subchunk_1.wav,1,"{""SPEAKER_00"": 0.0009}"
5348024557508140_f1726_chunk_0_subchunk_1.wav,2,"{""SPEAKER_00"": 0.0, ""SPEAKER_01"": 0.0018}"
5348024557508141_f2168_chunk_0_subchunk_1.wav,1,"{""SPEAKER_00"": 0.003}"
5348024557508143_f1556_chunk_0_subchunk_1.wav,1,"{""SPEAKER_00"": 0.0024}"
5348024557508145_f1733_chunk_0_subchunk_1.wav,1,"{""SPEAKER_00"": 0.0021}"
5348024557508148_f872_chunk_0_subchunk_1.wav,1,"{""SPEAKER_00"": 0.0034}"
5348024557508153_f1729_chunk_0_subchunk_1.wav,1,"{""SPEAKER_00"": 0.0002}"
5348024557508155_f1730_chunk_0_subchunk_1.wav,1,"{""SPEAKER_00"": 0.0002}"
5348024557508161_f529_chunk_0_subchunk_1.wav,2,"{""SPEAKER_00"": 0.0048, ""SPEAKER_01"": 0.0002}"
5348024557508161_f529_chunk_1_subchunk_1.wav,1,"{""SPEAKER_00"": 0.0052}"
5348024557508161_f529_chunk_2_subchunk_1.wav,1,"{""SPEAKER_00"": 0.0013}"
5348024557508161_f529_chunk_3_subchunk_1.wav,1,"{""SPEAKER_00"": 0.0009}"
5348024557508161_f529_chunk_4_subchunk_1.wav,1,"{""SPEAKER_00"": 0.0041}"
5348024557508162_f286_chunk_0_subchunk_1.wav,1,"{""SPEAKER_00"": 0.0024}"
5348024557508162_f286_chunk_1_subchunk_1.wav,1,"{""SPEAKER_00"": 0.0009}"
5348024557508162_f286_chunk_2_subchunk_1.wav,1,"{""SPEAKER_00"": 0.0002}"
5348024557508162_f286_chunk_3_subchunk_1.wav,1,"{""SPEAKER_00"": 0.0002}"
5348024557508174_f526_chunk_0_subchunk_1.wav,2,"{""SPEAKER_01"": 0.0, ""SPEAKER_00"": 0.0013}"
5348024557508174_f526_chunk_1_subchunk_1.wav,1,"{""SPEAKER_00"": 0.0053}"
5348024557508174_f526_chunk_2_subchunk_1.wav,1,"{""SPEAKER_00"": 0.0016}"
5348024557508174_f526_chunk_3_subchunk_1.wav,2,"{""SPEAKER_00"": 0.0027, ""SPEAKER_01"": 0.0002}"
5348024557508174_f526_chunk_4_subchunk_1.wav,1,"{""SPEAKER_00"": 0.0039}"
5348024557508174_f526_chunk_5_subchunk_1.wav,1,"{""SPEAKER_00"": 0.0014}"
5348024557508174_f526_chunk_6_subchunk_1.wav,1,"{""SPEAKER_00"": 0.004}"
5348024557508174_f526_chunk_7_subchunk_1.wav,1,"{""SPEAKER_00"": 0.0015}"
5348024557508174_f526_chunk_8_subchunk_1.wav,1,"{""SPEAKER_00"": 0.0027}"
5348024557508174_f526_chunk_9_subchunk_1.wav,1,"{""SPEAKER_00"": 0.0025}"
5348024557508179_f528_chunk_0_subchunk_1.wav,1,"{""SPEAKER_00"": 0.0019}"
5348024557508179_f528_chunk_10_subchunk_1.wav,1,"{""SPEAKER_00"": 0.0014}"
5348024557508179_f528_chunk_11_subchunk_1.wav,1,"{""SPEAKER_00"": 0.0012}"
5348024557508179_f528_chunk_12_subchunk_1.wav,1,"{""SPEAKER_00"": 0.0028}"
5348024557508179_f528_chunk_13_subchunk_1.wav,1,"{""SPEAKER_00"": 0.0011}"
5348024557508179_f528_chunk_1_subchunk_1.wav,1,"{""SPEAKER_00"": 0.0043}"
5348024557508179_f528_chunk_2_subchunk_1.wav,1,"{""SPEAKER_00"": 0.0019}"
5348024557508179_f528_chunk_3_subchunk_1.wav,1,"{""SPEAKER_00"": 0.0024}"
5348024557508179_f528_chunk_4_subchunk_1.wav,1,"{""SPEAKER_00"": 0.0016}"
5348024557508179_f528_chunk_5_subchunk_1.wav,1,"{""SPEAKER_00"": 0.0019}"
5348024557508179_f528_chunk_6_subchunk_1.wav,2,"{""SPEAKER_00"": 0.0, ""SPEAKER_01"": 0.0013}"
5348024557508179_f528_chunk_7_subchunk_1.wav,1,"{""SPEAKER_00"": 0.0017}"
5348024557508179_f528_chunk_8_subchunk_1.wav,1,"{""SPEAKER_00"": 0.0014}"
5348024557508179_f528_chunk_9_subchunk_1.wav,1,"{""SPEAKER_00"": 0.003}"
5348024557508180_f638_chunk_0_subchunk_1.wav,1,"{""SPEAKER_00"": 0.0015}"
5348024557508180_f638_chunk_10_subchunk_1.wav,1,"{""SPEAKER_00"": 0.0009}"
5348024557508180_f638_chunk_11_subchunk_1.wav,1,"{""SPEAKER_00"": 0.0016}"
5348024557508180_f638_chunk_12_subchunk_1.wav,1,"{""SPEAKER_00"": 0.0015}"
5348024557508180_f638_chunk_1_subchunk_1.wav,0,{}
5348024557508180_f638_chunk_2_subchunk_1.wav,1,"{""SPEAKER_00"": 0.0046}"
5348024557508180_f638_chunk_3_subchunk_1.wav,1,"{""SPEAKER_00"": 0.0013}"
5348024557508180_f638_chunk_4_subchunk_1.wav,2,"{""SPEAKER_01"": 0.005, ""SPEAKER_00"": 0.0003}"
5348024557508180_f638_chunk_5_subchunk_1.wav,1,"{""SPEAKER_00"": 0.002}"
5348024557508180_f638_chunk_6_subchunk_1.wav,1,"{""SPEAKER_00"": 0.0053}"
5348024557508180_f638_chunk_7_subchunk_1.wav,1,"{""SPEAKER_00"": 0.003}"
5348024557508180_f638_chunk_8_subchunk_1.wav,1,"{""SPEAKER_00"": 0.005}"
5348024557508180_f638_chunk_9_subchunk_1.wav,2,"{""SPEAKER_00"": 0.0047, ""SPEAKER_01"": 0.0001}"
5348024557508182_f637_chunk_0_subchunk_1.wav,2,"{""SPEAKER_00"": 0.0, ""SPEAKER_01"": 0.0011}"
5348024557508182_f637_chunk_10_subchunk_1.wav,1,"{""SPEAKER_00"": 0.0017}"
5348024557508182_f637_chunk_11_subchunk_1.wav,1,"{""SPEAKER_00"": 0.0018}"
5348024557508182_f637_chunk_12_subchunk_1.wav,1,"{""SPEAKER_00"": 0.0013}"
5348024557508182_f637_chunk_13_subchunk_1.wav,1,"{""SPEAKER_00"": 0.0012}"
5348024557508182_f637_chunk_14_subchunk_1.wav,1,"{""SPEAKER_00"": 0.0017}"
5348024557508182_f637_chunk_15_subchunk_1.wav,2,"{""SPEAKER_00"": 0.0027, ""SPEAKER_01"": 0.0004}"
5348024557508182_f637_chunk_16_subchunk_1.wav,1,"{""SPEAKER_00"": 0.0036}"
5348024557508182_f637_chunk_17_subchunk_1.wav,1,"{""SPEAKER_00"": 0.0018}"
5348024557508182_f637_chunk_1_subchunk_1.wav,1,"{""SPEAKER_00"": 0.0012}"
5348024557508182_f637_chunk_2_subchunk_1.wav,1,"{""SPEAKER_00"": 0.0018}"
5348024557508182_f637_chunk_3_subchunk_1.wav,2,"{""SPEAKER_01"": 0.0002, ""SPEAKER_00"": 0.0028}"
5348024557508182_f637_chunk_4_subchunk_1.wav,1,"{""SPEAKER_00"": 0.0014}"
5348024557508182_f637_chunk_5_subchunk_1.wav,1,"{""SPEAKER_00"": 0.0013}"
5348024557508182_f637_chunk_6_subchunk_1.wav,1,"{""SPEAKER_00"": 0.0023}"
5348024557508182_f637_chunk_7_subchunk_1.wav,1,"{""SPEAKER_00"": 0.0017}"
5348024557508182_f637_chunk_8_subchunk_1.wav,1,"{""SPEAKER_00"": 0.0016}"
5348024557508182_f637_chunk_9_subchunk_1.wav,2,"{""SPEAKER_01"": 0.0018, ""SPEAKER_00"": 0.0}"
5348024557508183_f527_chunk_0_subchunk_1.wav,2,"{""SPEAKER_01"": 0.0, ""SPEAKER_00"": 0.0028}"
5348024557508183_f527_chunk_1_subchunk_1.wav,1,"{""SPEAKER_00"": 0.0025}"
5348024557508183_f527_chunk_2_subchunk_1.wav,1,"{""SPEAKER_00"": 0.0019}"
5348024557508183_f527_chunk_3_subchunk_1.wav,1,"{""SPEAKER_00"": 0.0012}"
5348024557508183_f527_chunk_4_subchunk_1.wav,1,"{""SPEAKER_00"": 0.0005}"
5348024557508183_f527_chunk_5_subchunk_1.wav,1,"{""SPEAKER_00"": 0.0014}"
5348024557508183_f527_chunk_6_subchunk_1.wav,1,"{""SPEAKER_00"": 0.005}"
5348024557508183_f527_chunk_7_subchunk_1.wav,1,"{""SPEAKER_00"": 0.0017}"
5348024557508183_f527_chunk_8_subchunk_1.wav,2,"{""SPEAKER_01"": 0.0005, ""SPEAKER_00"": 0.0013}"
5348024557508189_f2166_chunk_0_subchunk_1.wav,1,"{""SPEAKER_00"": 0.0031}"
5348024557508190_f1717_chunk_0_subchunk_1.wav,1,"{""SPEAKER_00"": 0.002}"
5348024557508193_f867_chunk_0_subchunk_1.wav,1,"{""SPEAKER_00"": 0.0004}"
5348024557508195_f868_chunk_0_subchunk_1.wav,1,"{""SPEAKER_00"": 0.0006}"
5348024557508196_f1714_chunk_0_subchunk_1.wav,1,"{""SPEAKER_00"": 0.0036}"
5348024557508197_f1053_chunk_0_subchunk_1.wav,1,"{""SPEAKER_00"": 0.002}"
5348024557508197_f1053_chunk_1_subchunk_1.wav,2,"{""SPEAKER_00"": 0.0028, ""SPEAKER_01"": 0.0001}"
5348024557508201_f1715_chunk_0_subchunk_1.wav,1,"{""SPEAKER_00"": 0.0002}"
5348024557508201_f1715_chunk_1_subchunk_1.wav,1,"{""SPEAKER_00"": 0.0004}"
5348024557508201_f1715_chunk_2_subchunk_1.wav,1,"{""SPEAKER_00"": 0.0034}"
5348024557508201_f1715_chunk_3_subchunk_1.wav,1,"{""SPEAKER_00"": 0.0042}"
5348024557508202_f2167_chunk_0_subchunk_1.wav,1,"{""SPEAKER_00"": 0.0027}"
5348024557508206_f2135_chunk_0_subchunk_1.wav,1,"{""SPEAKER_00"": 0.0045}"
5348024557508206_f2135_chunk_1_subchunk_1.wav,1,"{""SPEAKER_00"": 0.0027}"
5348024557508206_f2135_chunk_2_subchunk_1.wav,1,"{""SPEAKER_00"": 0.0013}"
5348024557508206_f2135_chunk_3_subchunk_1.wav,2,"{""SPEAKER_01"": 0.0006, ""SPEAKER_00"": 0.0006}"
5348024557508207_f1566_chunk_0_subchunk_1.wav,1,"{""SPEAKER_00"": 0.0033}"
5348024557508207_f1566_chunk_1_subchunk_1.wav,1,"{""SPEAKER_00"": 0.0007}"
5348024557508207_f1566_chunk_2_subchunk_1.wav,1,"{""SPEAKER_00"": 0.0005}"
5348024557508207_f1566_chunk_3_subchunk_1.wav,1,"{""SPEAKER_00"": 0.0005}"
5348024557508215_f870_chunk_0_subchunk_1.wav,1,"{""SPEAKER_00"": 0.0001}"
5348024557508216_f869_chunk_0_subchunk_1.wav,1,"{""SPEAKER_00"": 0.0001}"
5348024557508223_f518_chunk_0_subchunk_1.wav,1,"{""SPEAKER_00"": 0.0004}"
5348024557508223_f518_chunk_1_subchunk_1.wav,1,"{""SPEAKER_00"": 0.0005}"
5348024557508223_f518_chunk_2_subchunk_1.wav,1,"{""SPEAKER_00"": 0.0003}"
5348024557508223_f518_chunk_3_subchunk_1.wav,1,"{""SPEAKER_00"": 0.0004}"
5348024557508223_f518_chunk_4_subchunk_1.wav,1,"{""SPEAKER_00"": 0.0006}"
5348024557508225_f520_chunk_0_subchunk_1.wav,1,"{""SPEAKER_00"": 0.0002}"
5348024557508225_f520_chunk_1_subchunk_1.wav,1,"{""SPEAKER_00"": 0.0003}"
5348024557508225_f520_chunk_2_subchunk_1.wav,1,"{""SPEAKER_00"": 0.0004}"
5348024557508225_f520_chunk_3_subchunk_1.wav,1,"{""SPEAKER_00"": 0.0003}"
5348024557508225_f520_chunk_4_subchunk_1.wav,1,"{""SPEAKER_00"": 0.0003}"
5348024557508227_f288_chunk_0_subchunk_1.wav,1,"{""SPEAKER_00"": 0.0022}"
5348024557508227_f288_chunk_10_subchunk_1.wav,1,"{""SPEAKER_00"": 0.0025}"
5348024557508227_f288_chunk_11_subchunk_1.wav,1,"{""SPEAKER_00"": 0.0031}"
5348024557508227_f288_chunk_12_subchunk_1.wav,1,"{""SPEAKER_00"": 0.0014}"
5348024557508227_f288_chunk_13_subchunk_1.wav,1,"{""SPEAKER_00"": 0.0032}"
5348024557508227_f288_chunk_14_subchunk_1.wav,1,"{""SPEAKER_00"": 0.0035}"
5348024557508227_f288_chunk_15_subchunk_1.wav,1,"{""SPEAKER_00"": 0.0025}"
5348024557508227_f288_chunk_16_subchunk_1.wav,1,"{""SPEAKER_00"": 0.0013}"
5348024557508227_f288_chunk_17_subchunk_1.wav,1,"{""SPEAKER_00"": 0.0046}"
5348024557508227_f288_chunk_18_subchunk_1.wav,1,"{""SPEAKER_00"": 0.0014}"
5348024557508227_f288_chunk_19_subchunk_1.wav,1,"{""SPEAKER_00"": 0.002}"
5348024557508227_f288_chunk_1_subchunk_1.wav,1,"{""SPEAKER_00"": 0.0024}"
5348024557508227_f288_chunk_20_subchunk_1.wav,2,"{""SPEAKER_00"": 0.0015, ""SPEAKER_01"": 0.0004}"
5348024557508227_f288_chunk_21_subchunk_1.wav,1,"{""SPEAKER_00"": 0.0017}"
5348024557508227_f288_chunk_22_subchunk_1.wav,1,"{""SPEAKER_00"": 0.0016}"
5348024557508227_f288_chunk_2_subchunk_1.wav,1,"{""SPEAKER_00"": 0.0016}"
5348024557508227_f288_chunk_3_subchunk_1.wav,1,"{""SPEAKER_00"": 0.0015}"
5348024557508227_f288_chunk_4_subchunk_1.wav,1,"{""SPEAKER_00"": 0.0019}"
5348024557508227_f288_chunk_5_subchunk_1.wav,1,"{""SPEAKER_00"": 0.0006}"
5348024557508227_f288_chunk_6_subchunk_1.wav,1,"{""SPEAKER_00"": 0.0013}"
5348024557508227_f288_chunk_7_subchunk_1.wav,1,"{""SPEAKER_00"": 0.0031}"
5348024557508227_f288_chunk_8_subchunk_1.wav,1,"{""SPEAKER_00"": 0.0013}"
5348024557508227_f288_chunk_9_subchunk_1.wav,1,"{""SPEAKER_00"": 0.0023}"
5348024557508237_f521_chunk_0_subchunk_1.wav,1,"{""SPEAKER_00"": 0.0022}"
5348024557508237_f521_chunk_1_subchunk_1.wav,1,"{""SPEAKER_00"": 0.0016}"
5348024557508237_f521_chunk_2_subchunk_1.wav,1,"{""SPEAKER_00"": 0.0049}"
5348024557508240_f284_chunk_0_subchunk_1.wav,1,"{""SPEAKER_00"": 0.0016}"
5348024557508240_f284_chunk_1_subchunk_1.wav,1,"{""SPEAKER_00"": 0.0005}"
5348024557508240_f284_chunk_2_subchunk_1.wav,1,"{""SPEAKER_00"": 0.0004}"
5348024557508240_f284_chunk_3_subchunk_1.wav,1,"{""SPEAKER_00"": 0.0021}"
5348024557508240_f284_chunk_4_subchunk_1.wav,1,"{""SPEAKER_00"": 0.0039}"
5348024557508240_f284_chunk_5_subchunk_1.wav,1,"{""SPEAKER_00"": 0.0012}"
5348024557508240_f284_chunk_6_subchunk_1.wav,2,"{""SPEAKER_01"": 0.0, ""SPEAKER_00"": 0.0003}"
5348024557508240_f284_chunk_7_subchunk_1.wav,1,"{""SPEAKER_00"": 0.0019}"
5348024557508240_f284_chunk_8_subchunk_1.wav,1,"{""SPEAKER_00"": 0.0026}"
5348024557508240_f284_chunk_9_subchunk_1.wav,1,"{""SPEAKER_00"": 0.001}"
5348024557508242_f519_chunk_0_subchunk_1.wav,1,"{""SPEAKER_00"": 0.0014}"
5348024557508242_f519_chunk_1_subchunk_1.wav,1,"{""SPEAKER_00"": 0.0033}"
5348024557508242_f519_chunk_2_subchunk_1.wav,1,"{""SPEAKER_00"": 0.0012}"
5348024557508242_f519_chunk_3_subchunk_1.wav,1,"{""SPEAKER_00"": 0.0053}"
5348024557508242_f519_chunk_4_subchunk_1.wav,1,"{""SPEAKER_00"": 0.0022}"
5348024557508247_f2034_chunk_0_subchunk_1.wav,1,"{""SPEAKER_00"": 0.0042}"
5348024557508248_f962_chunk_0_subchunk_1.wav,1,"{""SPEAKER_00"": 0.0021}"
5348024557508250_f2032_chunk_0_subchunk_1.wav,1,"{""SPEAKER_00"": 0.0023}"
5348024557508251_f2031_chunk_0_subchunk_1.wav,1,"{""SPEAKER_00"": 0.0017}"
5348024557508255_f2033_chunk_0_subchunk_1.wav,1,"{""SPEAKER_00"": 0.0019}"
5348024557508257_f2035_chunk_0_subchunk_1.wav,1,"{""SPEAKER_00"": 0.004}"
5348024557508258_f2162_chunk_0_subchunk_1.wav,1,"{""SPEAKER_00"": 0.0016}"
5348024557508260_f1544_chunk_0_subchunk_1.wav,1,"{""SPEAKER_00"": 0.0021}"
5348024557508263_f2163_chunk_0_subchunk_1.wav,1,"{""SPEAKER_00"": 0.0047}"
5348024557508263_f2163_chunk_1_subchunk_1.wav,2,"{""SPEAKER_00"": 0.0039, ""SPEAKER_01"": 0.0}"
5348024557508263_f2163_chunk_2_subchunk_1.wav,1,"{""SPEAKER_00"": 0.0009}"
5348024557508264_f963_chunk_0_subchunk_1.wav,1,"{""SPEAKER_00"": 0.0017}"
5348024557508269_f964_chunk_0_subchunk_1.wav,1,"{""SPEAKER_00"": 0.0001}"
5348024557508271_f965_chunk_0_subchunk_1.wav,1,"{""SPEAKER_00"": 0.0002}"
5348024557508284_f665_chunk_0_subchunk_1.wav,1,"{""SPEAKER_00"": 0.0012}"
5348024557508287_f658_chunk_0_subchunk_1.wav,2,"{""SPEAKER_00"": 0.0007, ""SPEAKER_01"": 0.0004}"
5348024557508287_f658_chunk_10_subchunk_1.wav,2,"{""SPEAKER_01"": 0.0011, ""SPEAKER_00"": 0.0011}"
5348024557508287_f658_chunk_11_subchunk_1.wav,1,"{""SPEAKER_00"": 0.0024}"
5348024557508287_f658_chunk_12_subchunk_1.wav,1,"{""SPEAKER_00"": 0.0004}"
5348024557508287_f658_chunk_1_subchunk_1.wav,1,"{""SPEAKER_00"": 0.001}"
5348024557508287_f658_chunk_2_subchunk_1.wav,1,"{""SPEAKER_00"": 0.0014}"
5348024557508287_f658_chunk_3_subchunk_1.wav,1,"{""SPEAKER_00"": 0.0019}"
5348024557508287_f658_chunk_4_subchunk_1.wav,1,"{""SPEAKER_00"": 0.002}"
5348024557508287_f658_chunk_5_subchunk_1.wav,2,"{""SPEAKER_01"": 0.0006, ""SPEAKER_00"": 0.0006}"
5348024557508287_f658_chunk_6_subchunk_1.wav,2,"{""SPEAKER_01"": 0.0004, ""SPEAKER_00"": 0.0004}"
5348024557508287_f658_chunk_7_subchunk_1.wav,2,"{""SPEAKER_01"": 0.0002, ""SPEAKER_00"": 0.0006}"
5348024557508287_f658_chunk_8_subchunk_1.wav,1,"{""SPEAKER_00"": 0.002}"
5348024557508287_f658_chunk_9_subchunk_1.wav,2,"{""SPEAKER_01"": 0.0006, ""SPEAKER_00"": 0.0007}"
5348024557508292_f657_chunk_0_subchunk_1.wav,1,"{""SPEAKER_00"": 0.0011}"
5348024557508292_f657_chunk_1_subchunk_1.wav,1,"{""SPEAKER_00"": 0.001}"
5348024557508292_f657_chunk_2_subchunk_1.wav,2,"{""SPEAKER_00"": 0.0011, ""SPEAKER_01"": 0.0003}"
5348024557508292_f657_chunk_3_subchunk_1.wav,2,"{""SPEAKER_01"": 0.0032, ""SPEAKER_00"": 0.0008}"
5348024557508292_f657_chunk_4_subchunk_1.wav,1,"{""SPEAKER_00"": 0.0007}"
5348024557508292_f657_chunk_5_subchunk_1.wav,2,"{""SPEAKER_01"": 0.0002, ""SPEAKER_00"": 0.0005}"
5348024557508292_f657_chunk_6_subchunk_1.wav,2,"{""SPEAKER_00"": 0.0011, ""SPEAKER_01"": 0.0}"
5348024557508292_f657_chunk_7_subchunk_1.wav,1,"{""SPEAKER_00"": 0.0003}"
5348024557508292_f657_chunk_8_subchunk_1.wav,1,"{""SPEAKER_00"": 0.0027}"
5348024557508293_f714_chunk_0_subchunk_1.wav,1,"{""SPEAKER_00"": 0.0021}"
5348024557508293_f714_chunk_10_subchunk_1.wav,2,"{""SPEAKER_00"": 0.001, ""SPEAKER_01"": 0.0002}"
5348024557508293_f714_chunk_1_subchunk_1.wav,1,"{""SPEAKER_00"": 0.0017}"
5348024557508293_f714_chunk_2_subchunk_1.wav,1,"{""SPEAKER_00"": 0.0019}"
5348024557508293_f714_chunk_3_subchunk_1.wav,1,"{""SPEAKER_00"": 0.0011}"
5348024557508293_f714_chunk_4_subchunk_1.wav,1,"{""SPEAKER_00"": 0.0002}"
5348024557508293_f714_chunk_5_subchunk_1.wav,1,"{""SPEAKER_00"": 0.0011}"
5348024557508293_f714_chunk_6_subchunk_1.wav,1,"{""SPEAKER_00"": 0.0012}"
5348024557508293_f714_chunk_7_subchunk_1.wav,1,"{""SPEAKER_00"": 0.0011}"
5348024557508293_f714_chunk_8_subchunk_1.wav,2,"{""SPEAKER_01"": 0.0005, ""SPEAKER_00"": 0.0006}"
5348024557508293_f714_chunk_9_subchunk_1.wav,1,"{""SPEAKER_00"": 0.0034}"
5348024557508303_f722_chunk_0_subchunk_1.wav,2,"{""SPEAKER_00"": 0.0009, ""SPEAKER_01"": 0.0004}"
5348024557508303_f722_chunk_10_subchunk_1.wav,1,"{""SPEAKER_00"": 0.0019}"
5348024557508303_f722_chunk_11_subchunk_1.wav,1,"{""SPEAKER_00"": 0.0025}"
5348024557508303_f722_chunk_1_subchunk_1.wav,2,"{""SPEAKER_01"": 0.0001, ""SPEAKER_00"": 0.0004}"
5348024557508303_f722_chunk_2_subchunk_1.wav,1,"{""SPEAKER_00"": 0.0009}"
5348024557508303_f722_chunk_3_subchunk_1.wav,1,"{""SPEAKER_00"": 0.0011}"
5348024557508303_f722_chunk_4_subchunk_1.wav,1,"{""SPEAKER_00"": 0.0008}"
5348024557508303_f722_chunk_5_subchunk_1.wav,1,"{""SPEAKER_00"": 0.0003}"
5348024557508303_f722_chunk_6_subchunk_1.wav,1,"{""SPEAKER_00"": 0.0011}"
5348024557508303_f722_chunk_7_subchunk_1.wav,1,"{""SPEAKER_00"": 0.0039}"
5348024557508303_f722_chunk_8_subchunk_1.wav,1,"{""SPEAKER_00"": 0.0006}"
5348024557508303_f722_chunk_9_subchunk_1.wav,1,"{""SPEAKER_00"": 0.0011}"
5348024557508306_f887_chunk_0_subchunk_1.wav,1,"{""SPEAKER_00"": 0.0025}"
5348024557508307_f886_chunk_0_subchunk_1.wav,1,"{""SPEAKER_00"": 0.0017}"
5348024557508310_f1779_chunk_0_subchunk_1.wav,1,"{""SPEAKER_00"": 0.0006}"
5348024557508311_f1606_chunk_0_subchunk_1.wav,1,"{""SPEAKER_00"": 0.0015}"
5348024557508312_f1780_chunk_0_subchunk_1.wav,1,"{""SPEAKER_00"": 0.0015}"
5348024557508315_f2178_chunk_0_subchunk_1.wav,1,"{""SPEAKER_00"": 0.0033}"
5348024557508317_f1781_chunk_0_subchunk_1.wav,1,"{""SPEAKER_00"": 0.0036}"
5348024557508318_f2179_chunk_0_subchunk_1.wav,1,"{""SPEAKER_00"": 0.0036}"
5348024557508321_f1788_chunk_0_subchunk_1.wav,1,"{""SPEAKER_00"": 0.0035}"
5348024557508322_f1575_chunk_0_subchunk_1.wav,1,"{""SPEAKER_00"": 0.0037}"
5348024557508324_f1784_chunk_0_subchunk_1.wav,1,"{""SPEAKER_00"": 0.0002}"
5348024557508333_f888_chunk_0_subchunk_1.wav,1,"{""SPEAKER_00"": 0.0003}"
5348024557508336_f275_chunk_0_subchunk_1.wav,1,"{""SPEAKER_00"": 0.0033}"
5348024557508338_f276_chunk_0_subchunk_1.wav,1,"{""SPEAKER_00"": 0.0011}"
5348024557508340_f278_chunk_0_subchunk_1.wav,1,"{""SPEAKER_00"": 0.0015}"
5348024557508343_f506_chunk_0_subchunk_1.wav,1,"{""SPEAKER_00"": 0.0012}"
5348024557508343_f506_chunk_1_subchunk_1.wav,1,"{""SPEAKER_00"": 0.0003}"
5348024557508343_f506_chunk_2_subchunk_1.wav,1,"{""SPEAKER_00"": 0.0028}"
5348024557508343_f506_chunk_3_subchunk_1.wav,1,"{""SPEAKER_00"": 0.001}"
5348024557508343_f506_chunk_4_subchunk_1.wav,1,"{""SPEAKER_00"": 0.0015}"
5348024557508343_f506_chunk_5_subchunk_1.wav,1,"{""SPEAKER_00"": 0.0035}"
5348024557508343_f506_chunk_6_subchunk_1.wav,1,"{""SPEAKER_00"": 0.0003}"
5348024557508343_f506_chunk_7_subchunk_1.wav,1,"{""SPEAKER_00"": 0.0049}"
5348024557508343_f506_chunk_8_subchunk_1.wav,1,"{""SPEAKER_00"": 0.0014}"
5348024557508343_f506_chunk_9_subchunk_1.wav,1,"{""SPEAKER_00"": 0.0038}"
5348024557508348_f505_chunk_0_subchunk_1.wav,1,"{""SPEAKER_00"": 0.0034}"
5348024557508348_f505_chunk_1_subchunk_1.wav,1,"{""SPEAKER_00"": 0.0025}"
5348024557508350_f274_chunk_0_subchunk_1.wav,1,"{""SPEAKER_00"": 0.0025}"
5348024557508350_f274_chunk_1_subchunk_1.wav,1,"{""SPEAKER_00"": 0.0031}"
5348024557508350_f274_chunk_2_subchunk_1.wav,1,"{""SPEAKER_00"": 0.0033}"
5348024557508361_f101_chunk_0_subchunk_1.wav,1,"{""SPEAKER_00"": 0.0015}"
5348024557508361_f101_chunk_10_subchunk_1.wav,1,"{""SPEAKER_00"": 0.002}"
5348024557508361_f101_chunk_11_subchunk_1.wav,1,"{""SPEAKER_00"": 0.003}"
5348024557508361_f101_chunk_12_subchunk_1.wav,1,"{""SPEAKER_00"": 0.0052}"
5348024557508361_f101_chunk_13_subchunk_1.wav,1,"{""SPEAKER_00"": 0.0014}"
5348024557508361_f101_chunk_14_subchunk_1.wav,1,"{""SPEAKER_00"": 0.0012}"
5348024557508361_f101_chunk_15_subchunk_1.wav,1,"{""SPEAKER_00"": 0.0019}"
5348024557508361_f101_chunk_16_subchunk_1.wav,1,"{""SPEAKER_00"": 0.002}"
5348024557508361_f101_chunk_17_subchunk_1.wav,1,"{""SPEAKER_00"": 0.0023}"
5348024557508361_f101_chunk_18_subchunk_1.wav,1,"{""SPEAKER_00"": 0.0014}"
5348024557508361_f101_chunk_19_subchunk_1.wav,1,"{""SPEAKER_00"": 0.0029}"
5348024557508361_f101_chunk_1_subchunk_1.wav,1,"{""SPEAKER_00"": 0.0017}"
5348024557508361_f101_chunk_2_subchunk_1.wav,1,"{""SPEAKER_00"": 0.0018}"
5348024557508361_f101_chunk_3_subchunk_1.wav,1,"{""SPEAKER_00"": 0.002}"
5348024557508361_f101_chunk_4_subchunk_1.wav,1,"{""SPEAKER_00"": 0.0021}"
5348024557508361_f101_chunk_5_subchunk_1.wav,1,"{""SPEAKER_00"": 0.0016}"
5348024557508361_f101_chunk_6_subchunk_1.wav,1,"{""SPEAKER_00"": 0.0022}"
5348024557508361_f101_chunk_7_subchunk_1.wav,1,"{""SPEAKER_00"": 0.0015}"
5348024557508361_f101_chunk_8_subchunk_1.wav,1,"{""SPEAKER_00"": 0.0017}"
5348024557508361_f101_chunk_9_subchunk_1.wav,1,"{""SPEAKER_00"": 0.0021}"
5348024557508363_f1858_chunk_0_subchunk_1.wav,1,"{""SPEAKER_00"": 0.0013}"
5348024557508364_f1857_chunk_0_subchunk_1.wav,1,"{""SPEAKER_00"": 0.0024}"
5348024557508366_f1095_chunk_0_subchunk_1.wav,1,"{""SPEAKER_00"": 0.0008}"
5348024557508367_f1859_chunk_0_subchunk_1.wav,1,"{""SPEAKER_00"": 0.0012}"
5348024557508370_f1861_chunk_0_subchunk_1.wav,1,"{""SPEAKER_00"": 0.0011}"
5348024557508373_f1860_chunk_0_subchunk_1.wav,1,"{""SPEAKER_00"": 0.0016}"
5348024557508375_f2198_chunk_0_subchunk_1.wav,1,"{""SPEAKER_00"": 0.003}"
5348024557508377_f1862_chunk_0_subchunk_1.wav,1,"{""SPEAKER_00"": 0.0018}"
5348024557508379_f2149_chunk_0_subchunk_1.wav,1,"{""SPEAKER_00"": 0.0028}"
5348024557508381_f2203_chunk_0_subchunk_1.wav,1,"{""SPEAKER_00"": 0.0018}"
5348024557508383_f1864_chunk_0_subchunk_1.wav,1,"{""SPEAKER_00"": 0.0003}"
5348024557508390_f908_chunk_0_subchunk_1.wav,1,"{""SPEAKER_00"": 0.0002}"
5348024557508395_f570_chunk_0_subchunk_1.wav,1,"{""SPEAKER_00"": 0.0017}"
5348024557508397_f325_chunk_0_subchunk_1.wav,1,"{""SPEAKER_00"": 0.0014}"
5348024557508399_f307_chunk_0_subchunk_1.wav,1,"{""SPEAKER_00"": 0.0016}"
5348024557508400_f650_chunk_0_subchunk_1.wav,1,"{""SPEAKER_00"": 0.0016}"
5348024557508422_f1061_chunk_0_subchunk_1.wav,1,"{""SPEAKER_00"": 0.0029}"
5348024557508423_f1174_chunk_0_subchunk_1.wav,1,"{""SPEAKER_00"": 0.004}"
5348024557508425_f1582_chunk_0_subchunk_1.wav,1,"{""SPEAKER_00"": 0.0005}"
5348024557508426_f814_chunk_0_subchunk_1.wav,1,"{""SPEAKER_00"": 0.0005}"
5348024557508430_f1392_chunk_0_subchunk_1.wav,1,"{""SPEAKER_00"": 0.0024}"
5348024557508431_f1391_chunk_0_subchunk_1.wav,1,"{""SPEAKER_00"": 0.0011}"
5348024557508433_f1644_chunk_0_subchunk_1.wav,1,"{""SPEAKER_00"": 0.0011}"
5348024557508434_f1393_chunk_0_subchunk_1.wav,1,"{""SPEAKER_00"": 0.0022}"
5348024557508438_f1398_chunk_0_subchunk_1.wav,1,"{""SPEAKER_00"": 0.0034}"
5348024557508439_f1628_chunk_0_subchunk_1.wav,1,"{""SPEAKER_00"": 0.0018}"
5348024557508442_f815_chunk_0_subchunk_1.wav,1,"{""SPEAKER_00"": 0.0002}"
5348024557508443_f1399_chunk_0_subchunk_1.wav,1,"{""SPEAKER_00"": 0.0002}"
5348024557508451_f221_chunk_0_subchunk_1.wav,1,"{""SPEAKER_00"": 0.0012}"
5348024557508455_f489_chunk_0_subchunk_1.wav,1,"{""SPEAKER_00"": 0.0002}"
5348024557508455_f489_chunk_1_subchunk_1.wav,2,"{""SPEAKER_01"": 0.0, ""SPEAKER_00"": 0.0002}"
5348024557508455_f489_chunk_2_subchunk_1.wav,1,"{""SPEAKER_00"": 0.0003}"
5348024557508455_f489_chunk_3_subchunk_1.wav,1,"{""SPEAKER_00"": 0.0003}"
5348024557508455_f489_chunk_4_subchunk_1.wav,1,"{""SPEAKER_00"": 0.0002}"
5348024557508459_f222_chunk_0_subchunk_1.wav,1,"{""SPEAKER_00"": 0.001}"
5348024557508459_f222_chunk_1_subchunk_1.wav,1,"{""SPEAKER_00"": 0.0019}"
5348024557508464_f229_chunk_0_subchunk_1.wav,1,"{""SPEAKER_00"": 0.0006}"
5348024557508464_f229_chunk_1_subchunk_1.wav,1,"{""SPEAKER_00"": 0.0024}"
5348024557508464_f229_chunk_2_subchunk_1.wav,1,"{""SPEAKER_00"": 0.0016}"
5348024557508464_f229_chunk_3_subchunk_1.wav,1,"{""SPEAKER_00"": 0.0003}"
5348024557508465_f55_chunk_0_subchunk_1.wav,1,"{""SPEAKER_00"": 0.0033}"
5348024557508465_f55_chunk_1_subchunk_1.wav,1,"{""SPEAKER_00"": 0.0006}"
5348024557508469_f488_chunk_0_subchunk_1.wav,1,"{""SPEAKER_00"": 0.0038}"
5348024557508469_f488_chunk_1_subchunk_1.wav,1,"{""SPEAKER_00"": 0.0014}"
5348024557508469_f488_chunk_2_subchunk_1.wav,1,"{""SPEAKER_00"": 0.0002}"
5348024557508471_f56_chunk_0_subchunk_1.wav,1,"{""SPEAKER_00"": 0.0009}"
5348024557508471_f56_chunk_1_subchunk_1.wav,1,"{""SPEAKER_00"": 0.0009}"
5348024557508471_f56_chunk_2_subchunk_1.wav,1,"{""SPEAKER_00"": 0.0012}"
5348024557508471_f56_chunk_3_subchunk_1.wav,1,"{""SPEAKER_00"": 0.0009}"
5348024557508541_f766_chunk_0_subchunk_1.wav,1,"{""SPEAKER_00"": 0.0019}"
5348024557508542_f1560_chunk_0_subchunk_1.wav,1,"{""SPEAKER_00"": 0.0024}"
5348024557508545_f1233_chunk_0_subchunk_1.wav,1,"{""SPEAKER_00"": 0.0004}"
5348024557508548_f1229_chunk_0_subchunk_1.wav,1,"{""SPEAKER_00"": 0.0014}"
5348024557508549_f1231_chunk_0_subchunk_1.wav,1,"{""SPEAKER_00"": 0.0015}"
5348024557508551_f1108_chunk_0_subchunk_1.wav,1,"{""SPEAKER_00"": 0.0011}"
5348024557508554_f1137_chunk_0_subchunk_1.wav,1,"{""SPEAKER_00"": 0.0036}"
5348024557508556_f1622_chunk_0_subchunk_1.wav,1,"{""SPEAKER_00"": 0.0016}"
5348024557508559_f1637_chunk_0_subchunk_1.wav,1,"{""SPEAKER_00"": 0.0015}"
5348024557508560_f1234_chunk_0_subchunk_1.wav,1,"{""SPEAKER_00"": 0.0039}"
5348024557508567_f767_chunk_0_subchunk_1.wav,1,"{""SPEAKER_00"": 0.0002}"
5348024557508568_f1239_chunk_0_subchunk_1.wav,2,"{""SPEAKER_00"": 0.0002, ""SPEAKER_01"": 0.0001}"
5348024557508571_f8_chunk_0_subchunk_1.wav,1,"{""SPEAKER_00"": 0.002}"
5348024557508571_f8_chunk_1_subchunk_1.wav,1,"{""SPEAKER_00"": 0.0022}"
5348024557508571_f8_chunk_2_subchunk_1.wav,1,"{""SPEAKER_00"": 0.0015}"
5348024557508571_f8_chunk_3_subchunk_1.wav,1,"{""SPEAKER_00"": 0.0012}"
5348024557508571_f8_chunk_4_subchunk_1.wav,1,"{""SPEAKER_00"": 0.0019}"
5348024557508580_f410_chunk_0_subchunk_1.wav,1,"{""SPEAKER_00"": 0.0036}"
5348024557508580_f410_chunk_1_subchunk_1.wav,1,"{""SPEAKER_00"": 0.001}"
5348024557508580_f410_chunk_2_subchunk_1.wav,1,"{""SPEAKER_00"": 0.0016}"
5348024557508580_f410_chunk_3_subchunk_1.wav,1,"{""SPEAKER_00"": 0.0013}"
5348024557508580_f410_chunk_4_subchunk_1.wav,1,"{""SPEAKER_00"": 0.0047}"
5348024557508586_f7_chunk_0_subchunk_1.wav,1,"{""SPEAKER_00"": 0.0012}"
5348024557508586_f7_chunk_1_subchunk_1.wav,1,"{""SPEAKER_00"": 0.001}"
5348024557508586_f7_chunk_2_subchunk_1.wav,1,"{""SPEAKER_00"": 0.0003}"
5348024557508587_f337_chunk_0_subchunk_1.wav,1,"{""SPEAKER_00"": 0.0027}"
5348024557508587_f337_chunk_1_subchunk_1.wav,1,"{""SPEAKER_00"": 0.004}"
5348024557508587_f337_chunk_2_subchunk_1.wav,1,"{""SPEAKER_00"": 0.0014}"
5348024557508587_f337_chunk_3_subchunk_1.wav,1,"{""SPEAKER_00"": 0.0036}"
5348024557508595_f411_chunk_0_subchunk_1.wav,1,"{""SPEAKER_00"": 0.0047}"
5348024557508595_f411_chunk_1_subchunk_1.wav,1,"{""SPEAKER_00"": 0.0035}"
5348024557508596_f336_chunk_0_subchunk_1.wav,1,"{""SPEAKER_00"": 0.0014}"
5348024557508596_f336_chunk_1_subchunk_1.wav,1,"{""SPEAKER_00"": 0.0032}"
5348024557508596_f336_chunk_2_subchunk_1.wav,1,"{""SPEAKER_00"": 0.0018}"
5348024557508596_f336_chunk_3_subchunk_1.wav,1,"{""SPEAKER_00"": 0.0013}"
5348024557508720_f1596_chunk_0_subchunk_1.wav,1,"{""SPEAKER_00"": 0.001}"
5348024557508720_f1596_chunk_1_subchunk_1.wav,1,"{""SPEAKER_00"": 0.001}"
5348024557508721_f2244_chunk_0_subchunk_1.wav,2,"{""SPEAKER_00"": 0.0004, ""SPEAKER_01"": 0.0}"
5348024557508725_f1586_chunk_0_subchunk_1.wav,1,"{""SPEAKER_00"": 0.0007}"
5348024557508727_f2056_chunk_0_subchunk_1.wav,1,"{""SPEAKER_00"": 0.0011}"
5348024557508728_f968_chunk_0_subchunk_1.wav,1,"{""SPEAKER_00"": 0.0008}"
5348024557508729_f2057_chunk_0_subchunk_1.wav,1,"{""SPEAKER_00"": 0.0016}"
5348024557508733_f1570_chunk_0_subchunk_1.wav,1,"{""SPEAKER_00"": 0.0035}"
5348024557508734_f2052_chunk_0_subchunk_1.wav,1,"{""SPEAKER_00"": 0.0026}"
5348024557508736_f2054_chunk_0_subchunk_1.wav,1,"{""SPEAKER_00"": 0.0031}"
5348024557508737_f1671_chunk_0_subchunk_1.wav,1,"{""SPEAKER_00"": 0.0039}"
5348024557508741_f2055_chunk_0_subchunk_1.wav,1,"{""SPEAKER_00"": 0.0002}"
5348024557508747_f2053_chunk_0_subchunk_1.wav,1,"{""SPEAKER_00"": 0.0002}"
5348024557508755_f681_chunk_0_subchunk_1.wav,1,"{""SPEAKER_00"": 0.0018}"
5348024557508757_f719_chunk_0_subchunk_1.wav,1,"{""SPEAKER_00"": 0.0012}"
5348024557508760_f165_chunk_0_subchunk_1.wav,1,"{""SPEAKER_00"": 0.0046}"
5348024557508760_f165_chunk_1_subchunk_1.wav,1,"{""SPEAKER_00"": 0.0025}"
5348024557508764_f718_chunk_0_subchunk_1.wav,1,"{""SPEAKER_00"": 0.0017}"
5348024557508764_f718_chunk_1_subchunk_1.wav,1,"{""SPEAKER_00"": 0.0015}"
5348024557508764_f718_chunk_2_subchunk_1.wav,1,"{""SPEAKER_00"": 0.004}"
5348024557508778_f1681_chunk_0_subchunk_1.wav,1,"{""SPEAKER_00"": 0.0022}"
5348024557508781_f2212_chunk_0_subchunk_1.wav,1,"{""SPEAKER_00"": 0.0022}"
5348024557508782_f1042_chunk_0_subchunk_1.wav,1,"{""SPEAKER_00"": 0.0003}"
5348024557508785_f1911_chunk_0_subchunk_1.wav,1,"{""SPEAKER_00"": 0.0015}"
5348024557508787_f2132_chunk_0_subchunk_1.wav,1,"{""SPEAKER_00"": 0.0015}"
5348024557508787_f2132_chunk_1_subchunk_1.wav,1,"{""SPEAKER_00"": 0.0006}"
5348024557508787_f2132_chunk_2_subchunk_1.wav,1,"{""SPEAKER_00"": 0.0048}"
5348024557508787_f2132_chunk_3_subchunk_1.wav,1,"{""SPEAKER_00"": 0.0014}"
5348024557508788_f1579_chunk_0_subchunk_1.wav,1,"{""SPEAKER_00"": 0.0052}"
5348024557508790_f1069_chunk_0_subchunk_1.wav,2,"{""SPEAKER_01"": 0.0037, ""SPEAKER_00"": 0.0001}"
5348024557508791_f1909_chunk_0_subchunk_1.wav,1,"{""SPEAKER_00"": 0.0009}"
5348024557508795_f1910_chunk_0_subchunk_1.wav,1,"{""SPEAKER_00"": 0.0017}"
5348024557508796_f1576_chunk_0_subchunk_1.wav,1,"{""SPEAKER_00"": 0.0037}"
5348024557508800_f925_chunk_0_subchunk_1.wav,1,"{""SPEAKER_00"": 0.0002}"
5348024557508807_f1041_chunk_0_subchunk_1.wav,1,"{""SPEAKER_00"": 0.0001}"
5348024557508810_f131_chunk_0_subchunk_1.wav,1,"{""SPEAKER_00"": 0.0013}"
5348024557508810_f131_chunk_1_subchunk_1.wav,1,"{""SPEAKER_00"": 0.0007}"
5348024557508811_f349_chunk_0_subchunk_1.wav,1,"{""SPEAKER_00"": 0.0006}"
5348024557508812_f343_chunk_0_subchunk_1.wav,1,"{""SPEAKER_00"": 0.0015}"
5348024557508822_f348_chunk_0_subchunk_1.wav,1,"{""SPEAKER_00"": 0.0024}"
5348024557508822_f348_chunk_1_subchunk_1.wav,1,"{""SPEAKER_00"": 0.0018}"
5348024557508828_f346_chunk_0_subchunk_1.wav,1,"{""SPEAKER_00"": 0.0008}"
5348024557508828_f346_chunk_1_subchunk_1.wav,1,"{""SPEAKER_00"": 0.0005}"
5348024557508830_f347_chunk_0_subchunk_1.wav,1,"{""SPEAKER_00"": 0.0016}"
5348024557508830_f347_chunk_1_subchunk_1.wav,1,"{""SPEAKER_00"": 0.0041}"
5348024557508835_f351_chunk_0_subchunk_1.wav,1,"{""SPEAKER_00"": 0.0015}"
5348024557508835_f351_chunk_1_subchunk_1.wav,1,"{""SPEAKER_00"": 0.0039}"
5348024557508838_f1362_chunk_0_subchunk_1.wav,1,"{""SPEAKER_00"": 0.0013}"
5348024557508839_f805_chunk_0_subchunk_1.wav,1,"{""SPEAKER_00"": 0.0032}"
5348024557508840_f1357_chunk_0_subchunk_1.wav,1,"{""SPEAKER_00"": 0.0005}"
5348024557508842_f1358_chunk_0_subchunk_1.wav,1,"{""SPEAKER_00"": 0.0005}"
5348024557508845_f1360_chunk_0_subchunk_1.wav,1,"{""SPEAKER_00"": 0.0011}"
5348024557508847_f1359_chunk_0_subchunk_1.wav,1,"{""SPEAKER_00"": 0.0013}"
5348024557508849_f1170_chunk_0_subchunk_1.wav,1,"{""SPEAKER_00"": 0.0014}"
5348024557508850_f1361_chunk_0_subchunk_1.wav,1,"{""SPEAKER_00"": 0.0015}"
5348024557508852_f806_chunk_0_subchunk_1.wav,1,"{""SPEAKER_00"": 0.0033}"
5348024557508854_f1369_chunk_0_subchunk_1.wav,1,"{""SPEAKER_00"": 0.0014}"
5348024557508860_f1363_chunk_0_subchunk_1.wav,1,"{""SPEAKER_00"": 0.0002}"
5348024557508862_f1364_chunk_0_subchunk_1.wav,1,"{""SPEAKER_00"": 0.0002}"
5348024557508867_f753_chunk_0_subchunk_1.wav,1,"{""SPEAKER_00"": 0.0041}"
5348024557508870_f48_chunk_0_subchunk_1.wav,1,"{""SPEAKER_00"": 0.0002}"
5348024557508870_f48_chunk_1_subchunk_1.wav,1,"{""SPEAKER_00"": 0.0002}"
5348024557508870_f48_chunk_2_subchunk_1.wav,1,"{""SPEAKER_00"": 0.0002}"
5348024557508870_f48_chunk_3_subchunk_1.wav,1,"{""SPEAKER_00"": 0.0002}"
5348024557508870_f48_chunk_4_subchunk_1.wav,1,"{""SPEAKER_00"": 0.0002}"
5348024557508894_f1790_chunk_0_subchunk_1.wav,1,"{""SPEAKER_00"": 0.0029}"
5348024557508895_f1791_chunk_0_subchunk_1.wav,1,"{""SPEAKER_00"": 0.0026}"
5348024557508898_f1793_chunk_0_subchunk_1.wav,1,"{""SPEAKER_00"": 0.0006}"
5348024557508900_f1792_chunk_0_subchunk_1.wav,1,"{""SPEAKER_00"": 0.0009}"
5348024557508902_f2182_chunk_0_subchunk_1.wav,1,"{""SPEAKER_00"": 0.003}"
5348024557508905_f1794_chunk_0_subchunk_1.wav,1,"{""SPEAKER_00"": 0.0013}"
5348024557508908_f1800_chunk_0_subchunk_1.wav,1,"{""SPEAKER_00"": 0.0025}"
5348024557508909_f890_chunk_0_subchunk_1.wav,1,"{""SPEAKER_00"": 0.0019}"
5348024557508909_f890_chunk_1_subchunk_1.wav,1,"{""SPEAKER_00"": 0.0017}"
5348024557508909_f890_chunk_2_subchunk_1.wav,1,"{""SPEAKER_00"": 0.0016}"
5348024557508909_f890_chunk_3_subchunk_1.wav,1,"{""SPEAKER_00"": 0.0047}"
5348024557508911_f1796_chunk_0_subchunk_1.wav,1,"{""SPEAKER_00"": 0.0028}"
5348024557508915_f1797_chunk_0_subchunk_1.wav,1,"{""SPEAKER_00"": 0.0001}"
5348024557508917_f1798_chunk_0_subchunk_1.wav,1,"{""SPEAKER_00"": 0.0001}"
5348024557508928_f297_chunk_0_subchunk_1.wav,1,"{""SPEAKER_00"": 0.0012}"
5348024557508929_f508_chunk_0_subchunk_1.wav,1,"{""SPEAKER_00"": 0.001}"
5348024557508929_f508_chunk_1_subchunk_1.wav,1,"{""SPEAKER_00"": 0.0002}"
5348024557508932_f102_chunk_0_subchunk_1.wav,1,"{""SPEAKER_00"": 0.0011}"
5348024557508936_f544_chunk_0_subchunk_1.wav,1,"{""SPEAKER_00"": 0.0025}"
5348024557508936_f544_chunk_1_subchunk_1.wav,1,"{""SPEAKER_00"": 0.0029}"
5348024557508936_f544_chunk_2_subchunk_1.wav,1,"{""SPEAKER_00"": 0.0052}"
5348024557508936_f544_chunk_3_subchunk_1.wav,1,"{""SPEAKER_00"": 0.003}"
5348024557508936_f544_chunk_4_subchunk_1.wav,1,"{""SPEAKER_00"": 0.0032}"
5348024557508936_f544_chunk_5_subchunk_1.wav,1,"{""SPEAKER_00"": 0.0018}"
5348024557508936_f544_chunk_6_subchunk_1.wav,1,"{""SPEAKER_00"": 0.0043}"
5348024557508936_f544_chunk_7_subchunk_1.wav,1,"{""SPEAKER_00"": 0.0031}"
5348024557508940_f320_chunk_0_subchunk_1.wav,1,"{""SPEAKER_00"": 0.0026}"
5348024557508940_f320_chunk_1_subchunk_1.wav,1,"{""SPEAKER_00"": 0.0016}"
5348024557508940_f320_chunk_2_subchunk_1.wav,1,"{""SPEAKER_00"": 0.0025}"
5348024557508940_f320_chunk_3_subchunk_1.wav,1,"{""SPEAKER_00"": 0.0011}"
5348024557508940_f320_chunk_4_subchunk_1.wav,1,"{""SPEAKER_00"": 0.0026}"
5348024557508940_f320_chunk_5_subchunk_1.wav,1,"{""SPEAKER_00"": 0.0022}"
5348024557508940_f320_chunk_6_subchunk_1.wav,1,"{""SPEAKER_00"": 0.0023}"
5348024557508940_f320_chunk_7_subchunk_1.wav,1,"{""SPEAKER_00"": 0.0018}"
5348024557508940_f320_chunk_8_subchunk_1.wav,1,"{""SPEAKER_00"": 0.0026}"
5348024557508944_f545_chunk_0_subchunk_1.wav,1,"{""SPEAKER_00"": 0.0016}"
5348024557508944_f545_chunk_10_subchunk_1.wav,1,"{""SPEAKER_00"": 0.002}"
5348024557508944_f545_chunk_11_subchunk_1.wav,1,"{""SPEAKER_00"": 0.0022}"
5348024557508944_f545_chunk_1_subchunk_1.wav,2,"{""SPEAKER_00"": 0.0, ""SPEAKER_01"": 0.0018}"
5348024557508944_f545_chunk_2_subchunk_1.wav,2,"{""SPEAKER_00"": 0.0, ""SPEAKER_01"": 0.0022}"
5348024557508944_f545_chunk_3_subchunk_1.wav,1,"{""SPEAKER_00"": 0.0032}"
5348024557508944_f545_chunk_4_subchunk_1.wav,1,"{""SPEAKER_00"": 0.0022}"
5348024557508944_f545_chunk_5_subchunk_1.wav,1,"{""SPEAKER_00"": 0.0026}"
5348024557508944_f545_chunk_6_subchunk_1.wav,1,"{""SPEAKER_00"": 0.0033}"
5348024557508944_f545_chunk_7_subchunk_1.wav,1,"{""SPEAKER_00"": 0.0028}"
5348024557508944_f545_chunk_8_subchunk_1.wav,1,"{""SPEAKER_00"": 0.0029}"
5348024557508944_f545_chunk_9_subchunk_1.wav,1,"{""SPEAKER_00"": 0.0015}"
5348024557508954_f2188_chunk_0_subchunk_1.wav,1,"{""SPEAKER_00"": 0.0035}"
5348024557508957_f1003_chunk_0_subchunk_1.wav,1,"{""SPEAKER_00"": 0.0007}"
5348024557508959_f1785_chunk_0_subchunk_1.wav,1,"{""SPEAKER_00"": 0.0007}"
5348024557508962_f1786_chunk_0_subchunk_1.wav,1,"{""SPEAKER_00"": 0.0015}"
5348024557508963_f1107_chunk_0_subchunk_1.wav,1,"{""SPEAKER_00"": 0.0012}"
5348024557508964_f2181_chunk_0_subchunk_1.wav,1,"{""SPEAKER_00"": 0.0047}"
5348024557508967_f1787_chunk_0_subchunk_1.wav,1,"{""SPEAKER_00"": 0.0044}"
5348024557508968_f1068_chunk_0_subchunk_1.wav,1,"{""SPEAKER_00"": 0.0039}"
5348024557508971_f1795_chunk_0_subchunk_1.wav,1,"{""SPEAKER_00"": 0.0017}"
5348024557508972_f1789_chunk_0_subchunk_1.wav,1,"{""SPEAKER_00"": 0.0002}"
5348024557508974_f889_chunk_0_subchunk_1.wav,1,"{""SPEAKER_00"": 0.0002}"
5348024557508988_f279_chunk_0_subchunk_1.wav,1,"{""SPEAKER_00"": 0.0003}"
5348024557508988_f279_chunk_1_subchunk_1.wav,1,"{""SPEAKER_00"": 0.0013}"
5348024557508995_f277_chunk_0_subchunk_1.wav,1,"{""SPEAKER_00"": 0.0017}"
5348024557508995_f277_chunk_1_subchunk_1.wav,1,"{""SPEAKER_00"": 0.0023}"
5348024557508995_f277_chunk_2_subchunk_1.wav,1,"{""SPEAKER_00"": 0.0028}"
5348024557508995_f277_chunk_3_subchunk_1.wav,1,"{""SPEAKER_00"": 0.0026}"
5348024557509001_f510_chunk_0_subchunk_1.wav,1,"{""SPEAKER_00"": 0.0026}"
5348024557509001_f510_chunk_1_subchunk_1.wav,1,"{""SPEAKER_00"": 0.0009}"
5348024557509001_f510_chunk_2_subchunk_1.wav,1,"{""SPEAKER_00"": 0.0041}"
5348024557509001_f510_chunk_3_subchunk_1.wav,1,"{""SPEAKER_00"": 0.0037}"
5348024557509002_f577_chunk_0_subchunk_1.wav,1,"{""SPEAKER_00"": 0.002}"
5348024557509002_f577_chunk_1_subchunk_1.wav,1,"{""SPEAKER_00"": 0.0018}"
5348024557509002_f577_chunk_2_subchunk_1.wav,1,"{""SPEAKER_00"": 0.0025}"
5348024557509002_f577_chunk_3_subchunk_1.wav,1,"{""SPEAKER_00"": 0.0026}"
5348024557509002_f577_chunk_4_subchunk_1.wav,1,"{""SPEAKER_00"": 0.0017}"
5348024557509002_f577_chunk_5_subchunk_1.wav,1,"{""SPEAKER_00"": 0.0018}"
5348024557509002_f577_chunk_6_subchunk_1.wav,1,"{""SPEAKER_00"": 0.0012}"
5348024557509002_f577_chunk_7_subchunk_1.wav,1,"{""SPEAKER_00"": 0.0009}"
5348024557509008_f509_chunk_0_subchunk_1.wav,1,"{""SPEAKER_00"": 0.0023}"
5348024557509008_f509_chunk_1_subchunk_1.wav,2,"{""SPEAKER_01"": 0.0003, ""SPEAKER_00"": 0.0047}"
5348024557509008_f509_chunk_2_subchunk_1.wav,1,"{""SPEAKER_00"": 0.0024}"
5348024557509009_f507_chunk_0_subchunk_1.wav,1,"{""SPEAKER_00"": 0.005}"
5348024557509009_f507_chunk_1_subchunk_1.wav,1,"{""SPEAKER_00"": 0.0054}"
5348024557509009_f507_chunk_2_subchunk_1.wav,1,"{""SPEAKER_00"": 0.0011}"
5348024557509009_f507_chunk_3_subchunk_1.wav,1,"{""SPEAKER_00"": 0.0031}"
5348024557509009_f507_chunk_4_subchunk_1.wav,1,"{""SPEAKER_00"": 0.0024}"
5348024557509011_f877_chunk_0_subchunk_1.wav,1,"{""SPEAKER_00"": 0.0038}"
5348024557509013_f2172_chunk_0_subchunk_1.wav,1,"{""SPEAKER_00"": 0.0015}"
5348024557509014_f1752_chunk_0_subchunk_1.wav,1,"{""SPEAKER_00"": 0.0009}"
5348024557509015_f1751_chunk_0_subchunk_1.wav,1,"{""SPEAKER_00"": 0.0008}"
5348024557509018_f1753_chunk_0_subchunk_1.wav,1,"{""SPEAKER_00"": 0.0022}"
5348024557509020_f2171_chunk_0_subchunk_1.wav,1,"{""SPEAKER_00"": 0.003}"
5348024557509023_f1755_chunk_0_subchunk_1.wav,1,"{""SPEAKER_00"": 0.0015}"
5348024557509024_f879_chunk_0_subchunk_1.wav,1,"{""SPEAKER_00"": 0.0028}"
5348024557509026_f2174_chunk_0_subchunk_1.wav,1,"{""SPEAKER_00"": 0.0047}"
5348024557509026_f2174_chunk_1_subchunk_1.wav,1,"{""SPEAKER_00"": 0.0013}"
5348024557509026_f2174_chunk_2_subchunk_1.wav,1,"{""SPEAKER_00"": 0.0013}"
5348024557509026_f2174_chunk_3_subchunk_1.wav,1,"{""SPEAKER_00"": 0.0076}"
5348024557509027_f2173_chunk_0_subchunk_1.wav,1,"{""SPEAKER_00"": 0.0037}"
5348024557509030_f878_chunk_0_subchunk_1.wav,1,"{""SPEAKER_00"": 0.0002}"
5348024557509038_f1756_chunk_0_subchunk_1.wav,1,"{""SPEAKER_00"": 0.0002}"
5348024557509046_f640_chunk_0_subchunk_1.wav,1,"{""SPEAKER_00"": 0.0027}"
5348024557509051_f642_chunk_0_subchunk_1.wav,1,"{""SPEAKER_00"": 0.0044}"
5348024557509051_f642_chunk_1_subchunk_1.wav,1,"{""SPEAKER_00"": 0.0023}"
5348024557509051_f642_chunk_2_subchunk_1.wav,1,"{""SPEAKER_00"": 0.0014}"
5348024557509051_f642_chunk_3_subchunk_1.wav,1,"{""SPEAKER_00"": 0.0007}"
5348024557509051_f642_chunk_4_subchunk_1.wav,1,"{""SPEAKER_00"": 0.0026}"
5348024557509051_f642_chunk_5_subchunk_1.wav,1,"{""SPEAKER_00"": 0.0023}"
5348024557509051_f642_chunk_6_subchunk_1.wav,1,"{""SPEAKER_00"": 0.0048}"
5348024557509051_f642_chunk_7_subchunk_1.wav,1,"{""SPEAKER_00"": 0.001}"
5348024557509051_f642_chunk_8_subchunk_1.wav,1,"{""SPEAKER_00"": 0.0021}"
5348024557509052_f298_chunk_0_subchunk_1.wav,1,"{""SPEAKER_00"": 0.0048}"
5348024557509052_f298_chunk_1_subchunk_1.wav,1,"{""SPEAKER_00"": 0.0032}"
5348024557509052_f298_chunk_2_subchunk_1.wav,1,"{""SPEAKER_00"": 0.0003}"
5348024557509052_f298_chunk_3_subchunk_1.wav,1,"{""SPEAKER_00"": 0.0047}"
5348024557509054_f295_chunk_0_subchunk_1.wav,1,"{""SPEAKER_00"": 0.0011}"
5348024557509054_f295_chunk_10_subchunk_1.wav,1,"{""SPEAKER_00"": 0.0013}"
5348024557509054_f295_chunk_11_subchunk_1.wav,1,"{""SPEAKER_00"": 0.0011}"
5348024557509054_f295_chunk_12_subchunk_1.wav,1,"{""SPEAKER_00"": 0.001}"
5348024557509054_f295_chunk_13_subchunk_1.wav,1,"{""SPEAKER_00"": 0.002}"
5348024557509054_f295_chunk_14_subchunk_1.wav,1,"{""SPEAKER_00"": 0.0025}"
5348024557509054_f295_chunk_15_subchunk_1.wav,1,"{""SPEAKER_00"": 0.0004}"
5348024557509054_f295_chunk_16_subchunk_1.wav,1,"{""SPEAKER_00"": 0.0038}"
5348024557509054_f295_chunk_17_subchunk_1.wav,1,"{""SPEAKER_00"": 0.0007}"
5348024557509054_f295_chunk_18_subchunk_1.wav,1,"{""SPEAKER_00"": 0.0031}"
5348024557509054_f295_chunk_19_subchunk_1.wav,1,"{""SPEAKER_00"": 0.0015}"
5348024557509054_f295_chunk_1_subchunk_1.wav,1,"{""SPEAKER_00"": 0.0023}"
5348024557509054_f295_chunk_20_subchunk_1.wav,1,"{""SPEAKER_00"": 0.0022}"
5348024557509054_f295_chunk_21_subchunk_1.wav,1,"{""SPEAKER_00"": 0.0031}"
5348024557509054_f295_chunk_22_subchunk_1.wav,1,"{""SPEAKER_00"": 0.0033}"
5348024557509054_f295_chunk_23_subchunk_1.wav,1,"{""SPEAKER_00"": 0.0019}"
5348024557509054_f295_chunk_2_subchunk_1.wav,1,"{""SPEAKER_00"": 0.0023}"
5348024557509054_f295_chunk_3_subchunk_1.wav,1,"{""SPEAKER_00"": 0.0004}"
5348024557509054_f295_chunk_4_subchunk_1.wav,1,"{""SPEAKER_00"": 0.0009}"
5348024557509054_f295_chunk_5_subchunk_1.wav,1,"{""SPEAKER_00"": 0.0018}"
5348024557509054_f295_chunk_6_subchunk_1.wav,1,"{""SPEAKER_00"": 0.0027}"
5348024557509054_f295_chunk_7_subchunk_1.wav,1,"{""SPEAKER_00"": 0.0017}"
